[2025-12-07T15:01:17.138+0000] {manager.py:469} INFO - Processing files using up to 2 processes at a time 
[2025-12-07T15:01:17.138+0000] {manager.py:470} INFO - Process each file at most once every 30 seconds
[2025-12-07T15:01:17.138+0000] {manager.py:471} INFO - Checking for new files in /opt/airflow/dags every 300 seconds
[2025-12-07T15:01:17.138+0000] {manager.py:738} INFO - Searching for files in /opt/airflow/dags
[2025-12-07T15:01:17.156+0000] {manager.py:741} INFO - There are 50 files in /opt/airflow/dags
[2025-12-07T15:01:17.221+0000] {manager.py:879} INFO - 
================================================================================
DAG File Processing Stats

File Path                                                                                                                           PID  Runtime      # DAGs    # Errors  Last Runtime    Last Run
--------------------------------------------------------------------------------------------------------------------------------  -----  ---------  --------  ----------  --------------  ----------
/opt/airflow/dags/simple_dag.py                                                                                                      61  0.02s             0           0
/opt/airflow/dags/datatourisme_poi_dag.py                                                                                            62  0.02s             0           0
/home/airflow/.local/lib/python3.8/site-packages/airflow/example_dags/tutorial.py                                                                          0           0
/home/airflow/.local/lib/python3.8/site-packages/airflow/example_dags/example_short_circuit_operator.py                                                    0           0
/home/airflow/.local/lib/python3.8/site-packages/airflow/example_dags/example_python_operator.py                                                           0           0
/home/airflow/.local/lib/python3.8/site-packages/airflow/example_dags/example_complex.py                                                                   0           0
/home/airflow/.local/lib/python3.8/site-packages/airflow/example_dags/example_subdag_operator.py                                                           0           0
/home/airflow/.local/lib/python3.8/site-packages/airflow/example_dags/example_branch_labels.py                                                             0           0
/home/airflow/.local/lib/python3.8/site-packages/airflow/example_dags/example_latest_only_with_trigger.py                                                  0           0
/home/airflow/.local/lib/python3.8/site-packages/airflow/example_dags/tutorial_dag.py                                                                      0           0
/home/airflow/.local/lib/python3.8/site-packages/airflow/example_dags/example_params_ui_tutorial.py                                                        0           0
/home/airflow/.local/lib/python3.8/site-packages/airflow/example_dags/tutorial_taskflow_api_virtualenv.py                                                  0           0
/home/airflow/.local/lib/python3.8/site-packages/airflow/example_dags/example_sla_dag.py                                                                   0           0
/home/airflow/.local/lib/python3.8/site-packages/airflow/example_dags/example_kubernetes_executor.py                                                       0           0
/home/airflow/.local/lib/python3.8/site-packages/airflow/example_dags/example_branch_datetime_operator.py                                                  0           0
/home/airflow/.local/lib/python3.8/site-packages/airflow/example_dags/example_local_kubernetes_executor.py                                                 0           0
/home/airflow/.local/lib/python3.8/site-packages/airflow/example_dags/example_branch_operator.py                                                           0           0
/home/airflow/.local/lib/python3.8/site-packages/airflow/example_dags/example_latest_only.py                                                               0           0
/home/airflow/.local/lib/python3.8/site-packages/airflow/example_dags/example_xcom.py                                                                      0           0
/home/airflow/.local/lib/python3.8/site-packages/airflow/example_dags/tutorial_taskflow_api.py                                                             0           0
/home/airflow/.local/lib/python3.8/site-packages/airflow/example_dags/example_branch_python_dop_operator_3.py                                              0           0
/home/airflow/.local/lib/python3.8/site-packages/airflow/example_dags/example_params_trigger_ui.py                                                         0           0
/home/airflow/.local/lib/python3.8/site-packages/airflow/example_dags/example_time_delta_sensor_async.py                                                   0           0
/home/airflow/.local/lib/python3.8/site-packages/airflow/example_dags/example_passing_params_via_test_command.py                                           0           0
/home/airflow/.local/lib/python3.8/site-packages/airflow/example_dags/example_sensors.py                                                                   0           0
/home/airflow/.local/lib/python3.8/site-packages/airflow/example_dags/example_trigger_controller_dag.py                                                    0           0
/home/airflow/.local/lib/python3.8/site-packages/airflow/example_dags/example_xcomargs.py                                                                  0           0
/home/airflow/.local/lib/python3.8/site-packages/airflow/example_dags/example_sensor_decorator.py                                                          0           0
/home/airflow/.local/lib/python3.8/site-packages/airflow/example_dags/example_skip_dag.py                                                                  0           0
/home/airflow/.local/lib/python3.8/site-packages/airflow/example_dags/example_datasets.py                                                                  0           0
/home/airflow/.local/lib/python3.8/site-packages/airflow/example_dags/example_short_circuit_decorator.py                                                   0           0
/home/airflow/.local/lib/python3.8/site-packages/airflow/example_dags/example_setup_teardown_taskflow.py                                                   0           0
/home/airflow/.local/lib/python3.8/site-packages/airflow/example_dags/example_branch_operator_decorator.py                                                 0           0
/home/airflow/.local/lib/python3.8/site-packages/airflow/example_dags/example_dynamic_task_mapping.py                                                      0           0
/home/airflow/.local/lib/python3.8/site-packages/airflow/example_dags/example_trigger_target_dag.py                                                        0           0
/home/airflow/.local/lib/python3.8/site-packages/airflow/example_dags/example_task_group.py                                                                0           0
/home/airflow/.local/lib/python3.8/site-packages/airflow/example_dags/example_setup_teardown.py                                                            0           0
/home/airflow/.local/lib/python3.8/site-packages/airflow/example_dags/example_dynamic_task_mapping_with_no_taskflow_operators.py                           0           0
/home/airflow/.local/lib/python3.8/site-packages/airflow/example_dags/example_dag_decorator.py                                                             0           0
/home/airflow/.local/lib/python3.8/site-packages/airflow/example_dags/example_bash_operator.py                                                             0           0
/home/airflow/.local/lib/python3.8/site-packages/airflow/example_dags/example_external_task_marker_dag.py                                                  0           0
/home/airflow/.local/lib/python3.8/site-packages/airflow/example_dags/example_nested_branch_dag.py                                                         0           0
/home/airflow/.local/lib/python3.8/site-packages/airflow/example_dags/example_python_decorator.py                                                          0           0
/home/airflow/.local/lib/python3.8/site-packages/airflow/example_dags/tutorial_objectstorage.py                                                            0           0
/home/airflow/.local/lib/python3.8/site-packages/airflow/example_dags/example_branch_day_of_week_operator.py                                               0           0
/home/airflow/.local/lib/python3.8/site-packages/airflow/example_dags/example_task_group_decorator.py                                                      0           0
/home/airflow/.local/lib/python3.8/site-packages/airflow/example_dags/plugins/listener_plugin.py                                                           0           0
/home/airflow/.local/lib/python3.8/site-packages/airflow/example_dags/plugins/workday.py                                                                   0           0
/home/airflow/.local/lib/python3.8/site-packages/airflow/example_dags/plugins/event_listener.py                                                            0           0
/home/airflow/.local/lib/python3.8/site-packages/airflow/example_dags/subdags/subdag.py                                                                    0           0
================================================================================
[2025-12-07T15:01:48.172+0000] {manager.py:879} INFO - 
================================================================================
DAG File Processing Stats

File Path                                                                                                                           PID  Runtime      # DAGs    # Errors  Last Runtime    Last Run
--------------------------------------------------------------------------------------------------------------------------------  -----  ---------  --------  ----------  --------------  -------------------
/opt/airflow/dags/datatourisme_poi_dag.py                                                                                           137  0.00s             0           1  0.04s           2025-12-07T15:01:17
/home/airflow/.local/lib/python3.8/site-packages/airflow/example_dags/plugins/listener_plugin.py                                                           0           0  0.02s           2025-12-07T15:01:19
/home/airflow/.local/lib/python3.8/site-packages/airflow/example_dags/plugins/workday.py                                                                   0           0  1.00s           2025-12-07T15:01:20
/home/airflow/.local/lib/python3.8/site-packages/airflow/example_dags/plugins/event_listener.py                                                            0           0  0.03s           2025-12-07T15:01:19
/home/airflow/.local/lib/python3.8/site-packages/airflow/example_dags/subdags/subdag.py                                                                    0           0  0.03s           2025-12-07T15:01:19
/opt/airflow/dags/simple_dag.py                                                                                                     136  0.01s             1           0  0.11s           2025-12-07T15:01:17
/home/airflow/.local/lib/python3.8/site-packages/airflow/example_dags/tutorial.py                                                                          1           0  0.06s           2025-12-07T15:01:17
/home/airflow/.local/lib/python3.8/site-packages/airflow/example_dags/example_short_circuit_operator.py                                                    1           0  0.08s           2025-12-07T15:01:17
/home/airflow/.local/lib/python3.8/site-packages/airflow/example_dags/example_python_operator.py                                                           1           0  0.07s           2025-12-07T15:01:17
/home/airflow/.local/lib/python3.8/site-packages/airflow/example_dags/example_complex.py                                                                   1           0  0.07s           2025-12-07T15:01:17
/home/airflow/.local/lib/python3.8/site-packages/airflow/example_dags/example_branch_labels.py                                                             1           0  0.07s           2025-12-07T15:01:17
/home/airflow/.local/lib/python3.8/site-packages/airflow/example_dags/example_latest_only_with_trigger.py                                                  1           0  0.06s           2025-12-07T15:01:17
/home/airflow/.local/lib/python3.8/site-packages/airflow/example_dags/tutorial_dag.py                                                                      1           0  0.06s           2025-12-07T15:01:17
/home/airflow/.local/lib/python3.8/site-packages/airflow/example_dags/example_params_ui_tutorial.py                                                        1           0  0.06s           2025-12-07T15:01:17
/home/airflow/.local/lib/python3.8/site-packages/airflow/example_dags/tutorial_taskflow_api_virtualenv.py                                                  1           0  0.06s           2025-12-07T15:01:17
/home/airflow/.local/lib/python3.8/site-packages/airflow/example_dags/example_sla_dag.py                                                                   1           0  0.08s           2025-12-07T15:01:17
/home/airflow/.local/lib/python3.8/site-packages/airflow/example_dags/example_kubernetes_executor.py                                                       1           0  0.09s           2025-12-07T15:01:17
/home/airflow/.local/lib/python3.8/site-packages/airflow/example_dags/example_local_kubernetes_executor.py                                                 1           0  0.07s           2025-12-07T15:01:17
/home/airflow/.local/lib/python3.8/site-packages/airflow/example_dags/example_branch_operator.py                                                           1           0  0.07s           2025-12-07T15:01:17
/home/airflow/.local/lib/python3.8/site-packages/airflow/example_dags/example_latest_only.py                                                               1           0  0.07s           2025-12-07T15:01:17
/home/airflow/.local/lib/python3.8/site-packages/airflow/example_dags/example_xcom.py                                                                      1           0  0.05s           2025-12-07T15:01:17
/home/airflow/.local/lib/python3.8/site-packages/airflow/example_dags/tutorial_taskflow_api.py                                                             1           0  0.05s           2025-12-07T15:01:18
/home/airflow/.local/lib/python3.8/site-packages/airflow/example_dags/example_branch_python_dop_operator_3.py                                              1           0  0.08s           2025-12-07T15:01:18
/home/airflow/.local/lib/python3.8/site-packages/airflow/example_dags/example_params_trigger_ui.py                                                         1           0  0.07s           2025-12-07T15:01:18
/home/airflow/.local/lib/python3.8/site-packages/airflow/example_dags/example_time_delta_sensor_async.py                                                   1           0  0.06s           2025-12-07T15:01:18
/home/airflow/.local/lib/python3.8/site-packages/airflow/example_dags/example_passing_params_via_test_command.py                                           1           0  0.06s           2025-12-07T15:01:18
/home/airflow/.local/lib/python3.8/site-packages/airflow/example_dags/example_sensors.py                                                                   1           0  0.06s           2025-12-07T15:01:18
/home/airflow/.local/lib/python3.8/site-packages/airflow/example_dags/example_trigger_controller_dag.py                                                    1           0  0.05s           2025-12-07T15:01:18
/home/airflow/.local/lib/python3.8/site-packages/airflow/example_dags/example_sensor_decorator.py                                                          1           0  0.05s           2025-12-07T15:01:18
/home/airflow/.local/lib/python3.8/site-packages/airflow/example_dags/example_skip_dag.py                                                                  1           0  0.06s           2025-12-07T15:01:18
/home/airflow/.local/lib/python3.8/site-packages/airflow/example_dags/example_short_circuit_decorator.py                                                   1           0  0.06s           2025-12-07T15:01:18
/home/airflow/.local/lib/python3.8/site-packages/airflow/example_dags/example_setup_teardown_taskflow.py                                                   1           0  0.06s           2025-12-07T15:01:18
/home/airflow/.local/lib/python3.8/site-packages/airflow/example_dags/example_branch_operator_decorator.py                                                 1           0  0.06s           2025-12-07T15:01:18
/home/airflow/.local/lib/python3.8/site-packages/airflow/example_dags/example_dynamic_task_mapping.py                                                      1           0  0.06s           2025-12-07T15:01:18
/home/airflow/.local/lib/python3.8/site-packages/airflow/example_dags/example_trigger_target_dag.py                                                        1           0  0.06s           2025-12-07T15:01:18
/home/airflow/.local/lib/python3.8/site-packages/airflow/example_dags/example_task_group.py                                                                1           0  0.06s           2025-12-07T15:01:18
/home/airflow/.local/lib/python3.8/site-packages/airflow/example_dags/example_setup_teardown.py                                                            1           0  0.05s           2025-12-07T15:01:18
/home/airflow/.local/lib/python3.8/site-packages/airflow/example_dags/example_dynamic_task_mapping_with_no_taskflow_operators.py                           1           0  0.05s           2025-12-07T15:01:18
/home/airflow/.local/lib/python3.8/site-packages/airflow/example_dags/example_dag_decorator.py                                                             1           0  0.20s           2025-12-07T15:01:18
/home/airflow/.local/lib/python3.8/site-packages/airflow/example_dags/example_bash_operator.py                                                             1           0  0.05s           2025-12-07T15:01:18
/home/airflow/.local/lib/python3.8/site-packages/airflow/example_dags/example_nested_branch_dag.py                                                         1           0  0.05s           2025-12-07T15:01:18
/home/airflow/.local/lib/python3.8/site-packages/airflow/example_dags/example_python_decorator.py                                                          1           0  0.13s           2025-12-07T15:01:18
/home/airflow/.local/lib/python3.8/site-packages/airflow/example_dags/tutorial_objectstorage.py                                                            1           0  0.04s           2025-12-07T15:01:18
/home/airflow/.local/lib/python3.8/site-packages/airflow/example_dags/example_branch_day_of_week_operator.py                                               1           0  0.05s           2025-12-07T15:01:19
/home/airflow/.local/lib/python3.8/site-packages/airflow/example_dags/example_task_group_decorator.py                                                      1           0  0.06s           2025-12-07T15:01:19
/home/airflow/.local/lib/python3.8/site-packages/airflow/example_dags/example_xcomargs.py                                                                  2           0  0.05s           2025-12-07T15:01:18
/home/airflow/.local/lib/python3.8/site-packages/airflow/example_dags/example_external_task_marker_dag.py                                                  2           0  0.04s           2025-12-07T15:01:18
/home/airflow/.local/lib/python3.8/site-packages/airflow/example_dags/example_subdag_operator.py                                                           3           0  0.08s           2025-12-07T15:01:17
/home/airflow/.local/lib/python3.8/site-packages/airflow/example_dags/example_branch_datetime_operator.py                                                  3           0  0.11s           2025-12-07T15:01:17
/home/airflow/.local/lib/python3.8/site-packages/airflow/example_dags/example_datasets.py                                                                  6           0  0.07s           2025-12-07T15:01:18
================================================================================
[2025-12-07T15:02:18.196+0000] {manager.py:879} INFO - 
================================================================================
DAG File Processing Stats

File Path                                                                                                                         PID    Runtime      # DAGs    # Errors  Last Runtime    Last Run
--------------------------------------------------------------------------------------------------------------------------------  -----  ---------  --------  ----------  --------------  -------------------
/opt/airflow/dags/datatourisme_poi_dag.py                                                                                                                  0           1  0.03s           2025-12-07T15:01:48
/home/airflow/.local/lib/python3.8/site-packages/airflow/example_dags/plugins/listener_plugin.py                                                           0           0  0.02s           2025-12-07T15:01:50
/home/airflow/.local/lib/python3.8/site-packages/airflow/example_dags/plugins/workday.py                                                                   0           0  0.21s           2025-12-07T15:01:51
/home/airflow/.local/lib/python3.8/site-packages/airflow/example_dags/plugins/event_listener.py                                                            0           0  0.03s           2025-12-07T15:01:50
/home/airflow/.local/lib/python3.8/site-packages/airflow/example_dags/subdags/subdag.py                                                                    0           0  0.02s           2025-12-07T15:01:50
/opt/airflow/dags/simple_dag.py                                                                                                                            1           0  0.26s           2025-12-07T15:01:48
/home/airflow/.local/lib/python3.8/site-packages/airflow/example_dags/tutorial.py                                                                          1           0  0.23s           2025-12-07T15:01:48
/home/airflow/.local/lib/python3.8/site-packages/airflow/example_dags/example_short_circuit_operator.py                                                    1           0  0.10s           2025-12-07T15:01:48
/home/airflow/.local/lib/python3.8/site-packages/airflow/example_dags/example_python_operator.py                                                           1           0  0.14s           2025-12-07T15:01:48
/home/airflow/.local/lib/python3.8/site-packages/airflow/example_dags/example_complex.py                                                                   1           0  0.14s           2025-12-07T15:01:48
/home/airflow/.local/lib/python3.8/site-packages/airflow/example_dags/example_branch_labels.py                                                             1           0  0.13s           2025-12-07T15:01:48
/home/airflow/.local/lib/python3.8/site-packages/airflow/example_dags/example_latest_only_with_trigger.py                                                  1           0  0.12s           2025-12-07T15:01:48
/home/airflow/.local/lib/python3.8/site-packages/airflow/example_dags/tutorial_dag.py                                                                      1           0  0.08s           2025-12-07T15:01:49
/home/airflow/.local/lib/python3.8/site-packages/airflow/example_dags/example_params_ui_tutorial.py                                                        1           0  0.11s           2025-12-07T15:01:49
/home/airflow/.local/lib/python3.8/site-packages/airflow/example_dags/tutorial_taskflow_api_virtualenv.py                                                  1           0  0.09s           2025-12-07T15:01:49
/home/airflow/.local/lib/python3.8/site-packages/airflow/example_dags/example_sla_dag.py                                                                   1           0  0.10s           2025-12-07T15:01:49
/home/airflow/.local/lib/python3.8/site-packages/airflow/example_dags/example_kubernetes_executor.py                                                       1           0  0.12s           2025-12-07T15:01:49
/home/airflow/.local/lib/python3.8/site-packages/airflow/example_dags/example_local_kubernetes_executor.py                                                 1           0  0.10s           2025-12-07T15:01:49
/home/airflow/.local/lib/python3.8/site-packages/airflow/example_dags/example_branch_operator.py                                                           1           0  0.10s           2025-12-07T15:01:49
/home/airflow/.local/lib/python3.8/site-packages/airflow/example_dags/example_latest_only.py                                                               1           0  0.09s           2025-12-07T15:01:49
/home/airflow/.local/lib/python3.8/site-packages/airflow/example_dags/example_xcom.py                                                                      1           0  0.09s           2025-12-07T15:01:49
/home/airflow/.local/lib/python3.8/site-packages/airflow/example_dags/tutorial_taskflow_api.py                                                             1           0  0.09s           2025-12-07T15:01:49
/home/airflow/.local/lib/python3.8/site-packages/airflow/example_dags/example_branch_python_dop_operator_3.py                                              1           0  0.10s           2025-12-07T15:01:49
/home/airflow/.local/lib/python3.8/site-packages/airflow/example_dags/example_params_trigger_ui.py                                                         1           0  0.10s           2025-12-07T15:01:49
/home/airflow/.local/lib/python3.8/site-packages/airflow/example_dags/example_time_delta_sensor_async.py                                                   1           0  0.09s           2025-12-07T15:01:49
/home/airflow/.local/lib/python3.8/site-packages/airflow/example_dags/example_passing_params_via_test_command.py                                           1           0  0.10s           2025-12-07T15:01:49
/home/airflow/.local/lib/python3.8/site-packages/airflow/example_dags/example_sensors.py                                                                   1           0  0.09s           2025-12-07T15:01:49
/home/airflow/.local/lib/python3.8/site-packages/airflow/example_dags/example_trigger_controller_dag.py                                                    1           0  0.10s           2025-12-07T15:01:49
/home/airflow/.local/lib/python3.8/site-packages/airflow/example_dags/example_sensor_decorator.py                                                          1           0  0.09s           2025-12-07T15:01:49
/home/airflow/.local/lib/python3.8/site-packages/airflow/example_dags/example_skip_dag.py                                                                  1           0  0.09s           2025-12-07T15:01:50
/home/airflow/.local/lib/python3.8/site-packages/airflow/example_dags/example_short_circuit_decorator.py                                                   1           0  0.09s           2025-12-07T15:01:50
/home/airflow/.local/lib/python3.8/site-packages/airflow/example_dags/example_setup_teardown_taskflow.py                                                   1           0  0.09s           2025-12-07T15:01:50
/home/airflow/.local/lib/python3.8/site-packages/airflow/example_dags/example_branch_operator_decorator.py                                                 1           0  0.10s           2025-12-07T15:01:50
/home/airflow/.local/lib/python3.8/site-packages/airflow/example_dags/example_dynamic_task_mapping.py                                                      1           0  0.09s           2025-12-07T15:01:50
/home/airflow/.local/lib/python3.8/site-packages/airflow/example_dags/example_trigger_target_dag.py                                                        1           0  0.08s           2025-12-07T15:01:50
/home/airflow/.local/lib/python3.8/site-packages/airflow/example_dags/example_task_group.py                                                                1           0  0.09s           2025-12-07T15:01:50
/home/airflow/.local/lib/python3.8/site-packages/airflow/example_dags/example_setup_teardown.py                                                            1           0  0.09s           2025-12-07T15:01:50
/home/airflow/.local/lib/python3.8/site-packages/airflow/example_dags/example_dynamic_task_mapping_with_no_taskflow_operators.py                           1           0  0.09s           2025-12-07T15:01:50
/home/airflow/.local/lib/python3.8/site-packages/airflow/example_dags/example_dag_decorator.py                                                             1           0  0.12s           2025-12-07T15:01:50
/home/airflow/.local/lib/python3.8/site-packages/airflow/example_dags/example_bash_operator.py                                                             1           0  0.09s           2025-12-07T15:01:50
/home/airflow/.local/lib/python3.8/site-packages/airflow/example_dags/example_nested_branch_dag.py                                                         1           0  0.11s           2025-12-07T15:01:50
/home/airflow/.local/lib/python3.8/site-packages/airflow/example_dags/example_python_decorator.py                                                          1           0  0.11s           2025-12-07T15:01:50
/home/airflow/.local/lib/python3.8/site-packages/airflow/example_dags/tutorial_objectstorage.py                                                            1           0  0.10s           2025-12-07T15:01:50
/home/airflow/.local/lib/python3.8/site-packages/airflow/example_dags/example_branch_day_of_week_operator.py                                               1           0  0.10s           2025-12-07T15:01:50
/home/airflow/.local/lib/python3.8/site-packages/airflow/example_dags/example_task_group_decorator.py                                                      1           0  0.11s           2025-12-07T15:01:50
/home/airflow/.local/lib/python3.8/site-packages/airflow/example_dags/example_xcomargs.py                                                                  2           0  0.09s           2025-12-07T15:01:49
/home/airflow/.local/lib/python3.8/site-packages/airflow/example_dags/example_external_task_marker_dag.py                                                  2           0  0.10s           2025-12-07T15:01:50
/home/airflow/.local/lib/python3.8/site-packages/airflow/example_dags/example_subdag_operator.py                                                           3           0  0.16s           2025-12-07T15:01:48
/home/airflow/.local/lib/python3.8/site-packages/airflow/example_dags/example_branch_datetime_operator.py                                                  3           0  0.11s           2025-12-07T15:01:49
/home/airflow/.local/lib/python3.8/site-packages/airflow/example_dags/example_datasets.py                                                                  6           0  0.13s           2025-12-07T15:01:50
================================================================================
[2025-12-07T15:02:48.806+0000] {manager.py:879} INFO - 
================================================================================
DAG File Processing Stats

File Path                                                                                                                         PID    Runtime      # DAGs    # Errors  Last Runtime    Last Run
--------------------------------------------------------------------------------------------------------------------------------  -----  ---------  --------  ----------  --------------  -------------------
/opt/airflow/dags/datatourisme_poi_dag.py                                                                                                                  0           1  0.03s           2025-12-07T15:02:19
/home/airflow/.local/lib/python3.8/site-packages/airflow/example_dags/plugins/listener_plugin.py                                                           0           0  0.02s           2025-12-07T15:02:21
/home/airflow/.local/lib/python3.8/site-packages/airflow/example_dags/plugins/workday.py                                                                   0           0  0.22s           2025-12-07T15:02:21
/home/airflow/.local/lib/python3.8/site-packages/airflow/example_dags/plugins/event_listener.py                                                            0           0  0.02s           2025-12-07T15:02:21
/home/airflow/.local/lib/python3.8/site-packages/airflow/example_dags/subdags/subdag.py                                                                    0           0  0.02s           2025-12-07T15:02:21
/opt/airflow/dags/simple_dag.py                                                                                                                            1           0  0.05s           2025-12-07T15:02:19
/home/airflow/.local/lib/python3.8/site-packages/airflow/example_dags/tutorial.py                                                                          1           0  0.06s           2025-12-07T15:02:19
/home/airflow/.local/lib/python3.8/site-packages/airflow/example_dags/example_short_circuit_operator.py                                                    1           0  0.05s           2025-12-07T15:02:19
/home/airflow/.local/lib/python3.8/site-packages/airflow/example_dags/example_python_operator.py                                                           1           0  0.05s           2025-12-07T15:02:19
/home/airflow/.local/lib/python3.8/site-packages/airflow/example_dags/example_complex.py                                                                   1           0  0.06s           2025-12-07T15:02:19
/home/airflow/.local/lib/python3.8/site-packages/airflow/example_dags/example_branch_labels.py                                                             1           0  0.05s           2025-12-07T15:02:19
/home/airflow/.local/lib/python3.8/site-packages/airflow/example_dags/example_latest_only_with_trigger.py                                                  1           0  0.05s           2025-12-07T15:02:19
/home/airflow/.local/lib/python3.8/site-packages/airflow/example_dags/tutorial_dag.py                                                                      1           0  0.05s           2025-12-07T15:02:19
/home/airflow/.local/lib/python3.8/site-packages/airflow/example_dags/example_params_ui_tutorial.py                                                        1           0  0.07s           2025-12-07T15:02:19
/home/airflow/.local/lib/python3.8/site-packages/airflow/example_dags/tutorial_taskflow_api_virtualenv.py                                                  1           0  0.05s           2025-12-07T15:02:19
/home/airflow/.local/lib/python3.8/site-packages/airflow/example_dags/example_sla_dag.py                                                                   1           0  0.05s           2025-12-07T15:02:19
/home/airflow/.local/lib/python3.8/site-packages/airflow/example_dags/example_kubernetes_executor.py                                                       1           0  0.06s           2025-12-07T15:02:19
/home/airflow/.local/lib/python3.8/site-packages/airflow/example_dags/example_local_kubernetes_executor.py                                                 1           0  0.06s           2025-12-07T15:02:19
/home/airflow/.local/lib/python3.8/site-packages/airflow/example_dags/example_branch_operator.py                                                           1           0  0.06s           2025-12-07T15:02:19
/home/airflow/.local/lib/python3.8/site-packages/airflow/example_dags/example_latest_only.py                                                               1           0  0.06s           2025-12-07T15:02:19
/home/airflow/.local/lib/python3.8/site-packages/airflow/example_dags/example_xcom.py                                                                      1           0  0.06s           2025-12-07T15:02:19
/home/airflow/.local/lib/python3.8/site-packages/airflow/example_dags/tutorial_taskflow_api.py                                                             1           0  0.05s           2025-12-07T15:02:19
/home/airflow/.local/lib/python3.8/site-packages/airflow/example_dags/example_branch_python_dop_operator_3.py                                              1           0  0.06s           2025-12-07T15:02:19
/home/airflow/.local/lib/python3.8/site-packages/airflow/example_dags/example_params_trigger_ui.py                                                         1           0  0.07s           2025-12-07T15:02:19
/home/airflow/.local/lib/python3.8/site-packages/airflow/example_dags/example_time_delta_sensor_async.py                                                   1           0  0.05s           2025-12-07T15:02:19
/home/airflow/.local/lib/python3.8/site-packages/airflow/example_dags/example_passing_params_via_test_command.py                                           1           0  0.06s           2025-12-07T15:02:19
/home/airflow/.local/lib/python3.8/site-packages/airflow/example_dags/example_sensors.py                                                                   1           0  0.05s           2025-12-07T15:02:19
/home/airflow/.local/lib/python3.8/site-packages/airflow/example_dags/example_trigger_controller_dag.py                                                    1           0  0.05s           2025-12-07T15:02:19
/home/airflow/.local/lib/python3.8/site-packages/airflow/example_dags/example_sensor_decorator.py                                                          1           0  0.05s           2025-12-07T15:02:20
/home/airflow/.local/lib/python3.8/site-packages/airflow/example_dags/example_skip_dag.py                                                                  1           0  0.05s           2025-12-07T15:02:20
/home/airflow/.local/lib/python3.8/site-packages/airflow/example_dags/example_short_circuit_decorator.py                                                   1           0  0.06s           2025-12-07T15:02:21
/home/airflow/.local/lib/python3.8/site-packages/airflow/example_dags/example_setup_teardown_taskflow.py                                                   1           0  0.06s           2025-12-07T15:02:21
/home/airflow/.local/lib/python3.8/site-packages/airflow/example_dags/example_branch_operator_decorator.py                                                 1           0  0.07s           2025-12-07T15:02:21
/home/airflow/.local/lib/python3.8/site-packages/airflow/example_dags/example_dynamic_task_mapping.py                                                      1           0  0.05s           2025-12-07T15:02:21
/home/airflow/.local/lib/python3.8/site-packages/airflow/example_dags/example_trigger_target_dag.py                                                        1           0  0.04s           2025-12-07T15:02:21
/home/airflow/.local/lib/python3.8/site-packages/airflow/example_dags/example_task_group.py                                                                1           0  0.05s           2025-12-07T15:02:21
/home/airflow/.local/lib/python3.8/site-packages/airflow/example_dags/example_setup_teardown.py                                                            1           0  0.05s           2025-12-07T15:02:21
/home/airflow/.local/lib/python3.8/site-packages/airflow/example_dags/example_dynamic_task_mapping_with_no_taskflow_operators.py                           1           0  0.07s           2025-12-07T15:02:21
/home/airflow/.local/lib/python3.8/site-packages/airflow/example_dags/example_dag_decorator.py                                                             1           0  0.17s           2025-12-07T15:02:21
/home/airflow/.local/lib/python3.8/site-packages/airflow/example_dags/example_bash_operator.py                                                             1           0  0.08s           2025-12-07T15:02:21
/home/airflow/.local/lib/python3.8/site-packages/airflow/example_dags/example_nested_branch_dag.py                                                         1           0  0.07s           2025-12-07T15:02:21
/home/airflow/.local/lib/python3.8/site-packages/airflow/example_dags/example_python_decorator.py                                                          1           0  0.06s           2025-12-07T15:02:21
/home/airflow/.local/lib/python3.8/site-packages/airflow/example_dags/tutorial_objectstorage.py                                                            1           0  0.05s           2025-12-07T15:02:21
/home/airflow/.local/lib/python3.8/site-packages/airflow/example_dags/example_branch_day_of_week_operator.py                                               1           0  0.05s           2025-12-07T15:02:21
/home/airflow/.local/lib/python3.8/site-packages/airflow/example_dags/example_task_group_decorator.py                                                      1           0  0.06s           2025-12-07T15:02:21
/home/airflow/.local/lib/python3.8/site-packages/airflow/example_dags/example_xcomargs.py                                                                  2           0  0.05s           2025-12-07T15:02:19
/home/airflow/.local/lib/python3.8/site-packages/airflow/example_dags/example_external_task_marker_dag.py                                                  2           0  0.08s           2025-12-07T15:02:21
/home/airflow/.local/lib/python3.8/site-packages/airflow/example_dags/example_subdag_operator.py                                                           3           0  0.06s           2025-12-07T15:02:19
/home/airflow/.local/lib/python3.8/site-packages/airflow/example_dags/example_branch_datetime_operator.py                                                  3           0  0.06s           2025-12-07T15:02:19
/home/airflow/.local/lib/python3.8/site-packages/airflow/example_dags/example_datasets.py                                                                  6           0  0.08s           2025-12-07T15:02:21
================================================================================
[2025-12-07T15:03:12.580+0000] {manager.py:451} INFO - Exiting gracefully upon receiving signal 15
[2025-12-07T15:05:23.311+0000] {manager.py:469} INFO - Processing files using up to 2 processes at a time 
[2025-12-07T15:05:23.311+0000] {manager.py:470} INFO - Process each file at most once every 30 seconds
[2025-12-07T15:05:23.311+0000] {manager.py:471} INFO - Checking for new files in /opt/airflow/dags every 300 seconds
[2025-12-07T15:05:23.312+0000] {manager.py:738} INFO - Searching for files in /opt/airflow/dags
[2025-12-07T15:05:23.313+0000] {manager.py:741} INFO - There are 2 files in /opt/airflow/dags
[2025-12-07T15:05:23.401+0000] {manager.py:879} INFO - 
================================================================================
DAG File Processing Stats

File Path                                    PID  Runtime      # DAGs    # Errors  Last Runtime    Last Run
-----------------------------------------  -----  ---------  --------  ----------  --------------  ----------
/opt/airflow/dags/simple_dag.py               61  0.02s             0           0
/opt/airflow/dags/datatourisme_poi_dag.py     62  0.02s             0           0
================================================================================
[2025-12-07T15:05:53.516+0000] {manager.py:879} INFO - 
================================================================================
DAG File Processing Stats

File Path                                    PID  Runtime      # DAGs    # Errors  Last Runtime    Last Run
-----------------------------------------  -----  ---------  --------  ----------  --------------  -------------------
/opt/airflow/dags/datatourisme_poi_dag.py     88  0.00s             0           1  0.03s           2025-12-07T15:05:23
/opt/airflow/dags/simple_dag.py               87  0.01s             1           0  0.13s           2025-12-07T15:05:23
================================================================================
[2025-12-07T15:06:23.634+0000] {manager.py:879} INFO - 
================================================================================
DAG File Processing Stats

File Path                                    PID  Runtime      # DAGs    # Errors  Last Runtime    Last Run
-----------------------------------------  -----  ---------  --------  ----------  --------------  -------------------
/opt/airflow/dags/datatourisme_poi_dag.py    104  0.00s             0           1  0.03s           2025-12-07T15:05:53
/opt/airflow/dags/simple_dag.py                                     1           0  0.26s           2025-12-07T15:05:53
================================================================================
[2025-12-07T15:06:53.774+0000] {manager.py:879} INFO - 
================================================================================
DAG File Processing Stats

File Path                                    PID  Runtime      # DAGs    # Errors  Last Runtime    Last Run
-----------------------------------------  -----  ---------  --------  ----------  --------------  -------------------
/opt/airflow/dags/datatourisme_poi_dag.py    130  0.00s             0           1  0.04s           2025-12-07T15:06:23
/opt/airflow/dags/simple_dag.py                                     1           0  0.07s           2025-12-07T15:06:24
================================================================================
[2025-12-07T15:07:23.906+0000] {manager.py:879} INFO - 
================================================================================
DAG File Processing Stats

File Path                                    PID  Runtime      # DAGs    # Errors  Last Runtime    Last Run
-----------------------------------------  -----  ---------  --------  ----------  --------------  -------------------
/opt/airflow/dags/datatourisme_poi_dag.py    155  0.00s             0           1  0.04s           2025-12-07T15:06:53
/opt/airflow/dags/simple_dag.py                                     1           0  0.06s           2025-12-07T15:06:54
================================================================================
[2025-12-07T15:07:54.046+0000] {manager.py:879} INFO - 
================================================================================
DAG File Processing Stats

File Path                                    PID  Runtime      # DAGs    # Errors  Last Runtime    Last Run
-----------------------------------------  -----  ---------  --------  ----------  --------------  -------------------
/opt/airflow/dags/datatourisme_poi_dag.py    173  0.00s             0           1  0.04s           2025-12-07T15:07:23
/opt/airflow/dags/simple_dag.py                                     1           0  0.07s           2025-12-07T15:07:24
================================================================================
[2025-12-07T15:08:24.174+0000] {manager.py:879} INFO - 
================================================================================
DAG File Processing Stats

File Path                                    PID  Runtime      # DAGs    # Errors  Last Runtime    Last Run
-----------------------------------------  -----  ---------  --------  ----------  --------------  -------------------
/opt/airflow/dags/datatourisme_poi_dag.py    199  0.00s             0           1  0.03s           2025-12-07T15:07:54
/opt/airflow/dags/simple_dag.py                                     1           0  0.06s           2025-12-07T15:07:55
================================================================================
[2025-12-07T15:08:54.308+0000] {manager.py:879} INFO - 
================================================================================
DAG File Processing Stats

File Path                                    PID  Runtime      # DAGs    # Errors  Last Runtime    Last Run
-----------------------------------------  -----  ---------  --------  ----------  --------------  -------------------
/opt/airflow/dags/datatourisme_poi_dag.py    225  0.00s             0           1  0.04s           2025-12-07T15:08:24
/opt/airflow/dags/simple_dag.py                                     1           0  0.07s           2025-12-07T15:08:25
================================================================================
[2025-12-07T15:09:24.438+0000] {manager.py:879} INFO - 
================================================================================
DAG File Processing Stats

File Path                                    PID  Runtime      # DAGs    # Errors  Last Runtime    Last Run
-----------------------------------------  -----  ---------  --------  ----------  --------------  -------------------
/opt/airflow/dags/datatourisme_poi_dag.py    243  0.00s             0           1  0.03s           2025-12-07T15:08:54
/opt/airflow/dags/simple_dag.py                                     1           0  0.07s           2025-12-07T15:08:55
================================================================================
[2025-12-07T15:09:54.583+0000] {manager.py:879} INFO - 
================================================================================
DAG File Processing Stats

File Path                                    PID  Runtime      # DAGs    # Errors  Last Runtime    Last Run
-----------------------------------------  -----  ---------  --------  ----------  --------------  -------------------
/opt/airflow/dags/datatourisme_poi_dag.py    269  0.00s             0           1  0.04s           2025-12-07T15:09:24
/opt/airflow/dags/simple_dag.py                                     1           0  0.07s           2025-12-07T15:09:25
================================================================================
[2025-12-07T15:10:23.717+0000] {manager.py:738} INFO - Searching for files in /opt/airflow/dags
[2025-12-07T15:10:23.718+0000] {manager.py:741} INFO - There are 2 files in /opt/airflow/dags
[2025-12-07T15:10:24.734+0000] {manager.py:879} INFO - 
================================================================================
DAG File Processing Stats

File Path                                    PID  Runtime      # DAGs    # Errors  Last Runtime    Last Run
-----------------------------------------  -----  ---------  --------  ----------  --------------  -------------------
/opt/airflow/dags/datatourisme_poi_dag.py    295  0.00s             0           1  0.04s           2025-12-07T15:09:54
/opt/airflow/dags/simple_dag.py                                     1           0  0.07s           2025-12-07T15:09:55
================================================================================
[2025-12-07T15:10:54.875+0000] {manager.py:879} INFO - 
================================================================================
DAG File Processing Stats

File Path                                    PID  Runtime      # DAGs    # Errors  Last Runtime    Last Run
-----------------------------------------  -----  ---------  --------  ----------  --------------  -------------------
/opt/airflow/dags/datatourisme_poi_dag.py    313  0.00s             0           1  0.05s           2025-12-07T15:10:24
/opt/airflow/dags/simple_dag.py                                     1           0  0.06s           2025-12-07T15:10:25
================================================================================
[2025-12-07T15:11:25.008+0000] {manager.py:879} INFO - 
================================================================================
DAG File Processing Stats

File Path                                    PID  Runtime      # DAGs    # Errors  Last Runtime    Last Run
-----------------------------------------  -----  ---------  --------  ----------  --------------  -------------------
/opt/airflow/dags/datatourisme_poi_dag.py    339  0.00s             0           1  0.04s           2025-12-07T15:10:54
/opt/airflow/dags/simple_dag.py                                     1           0  0.08s           2025-12-07T15:10:55
================================================================================
[2025-12-07T15:11:55.148+0000] {manager.py:879} INFO - 
================================================================================
DAG File Processing Stats

File Path                                    PID  Runtime      # DAGs    # Errors  Last Runtime    Last Run
-----------------------------------------  -----  ---------  --------  ----------  --------------  -------------------
/opt/airflow/dags/datatourisme_poi_dag.py    365  0.00s             0           1  0.04s           2025-12-07T15:11:25
/opt/airflow/dags/simple_dag.py                                     1           0  0.07s           2025-12-07T15:11:26
================================================================================
[2025-12-07T15:12:25.291+0000] {manager.py:879} INFO - 
================================================================================
DAG File Processing Stats

File Path                                    PID  Runtime      # DAGs    # Errors  Last Runtime    Last Run
-----------------------------------------  -----  ---------  --------  ----------  --------------  -------------------
/opt/airflow/dags/datatourisme_poi_dag.py    382  0.00s             0           1  0.05s           2025-12-07T15:11:55
/opt/airflow/dags/simple_dag.py                                     1           0  0.07s           2025-12-07T15:11:56
================================================================================
[2025-12-07T15:12:55.424+0000] {manager.py:879} INFO - 
================================================================================
DAG File Processing Stats

File Path                                    PID  Runtime      # DAGs    # Errors  Last Runtime    Last Run
-----------------------------------------  -----  ---------  --------  ----------  --------------  -------------------
/opt/airflow/dags/datatourisme_poi_dag.py    408  0.00s             0           1  0.03s           2025-12-07T15:12:25
/opt/airflow/dags/simple_dag.py                                     1           0  0.07s           2025-12-07T15:12:26
================================================================================
[2025-12-07T15:13:25.554+0000] {manager.py:879} INFO - 
================================================================================
DAG File Processing Stats

File Path                                    PID  Runtime      # DAGs    # Errors  Last Runtime    Last Run
-----------------------------------------  -----  ---------  --------  ----------  --------------  -------------------
/opt/airflow/dags/datatourisme_poi_dag.py    434  0.00s             0           1  0.03s           2025-12-07T15:12:55
/opt/airflow/dags/simple_dag.py                                     1           0  0.07s           2025-12-07T15:12:56
================================================================================
[2025-12-07T15:13:55.689+0000] {manager.py:879} INFO - 
================================================================================
DAG File Processing Stats

File Path                                    PID  Runtime      # DAGs    # Errors  Last Runtime    Last Run
-----------------------------------------  -----  ---------  --------  ----------  --------------  -------------------
/opt/airflow/dags/datatourisme_poi_dag.py    452  0.00s             0           1  0.04s           2025-12-07T15:13:25
/opt/airflow/dags/simple_dag.py                                     1           0  0.06s           2025-12-07T15:13:26
================================================================================
[2025-12-07T15:14:25.820+0000] {manager.py:879} INFO - 
================================================================================
DAG File Processing Stats

File Path                                    PID  Runtime      # DAGs    # Errors  Last Runtime    Last Run
-----------------------------------------  -----  ---------  --------  ----------  --------------  -------------------
/opt/airflow/dags/datatourisme_poi_dag.py    476  0.00s             0           1  0.03s           2025-12-07T15:13:55
/opt/airflow/dags/simple_dag.py                                     1           0  0.07s           2025-12-07T15:13:56
================================================================================
[2025-12-07T15:14:55.959+0000] {manager.py:879} INFO - 
================================================================================
DAG File Processing Stats

File Path                                    PID  Runtime      # DAGs    # Errors  Last Runtime    Last Run
-----------------------------------------  -----  ---------  --------  ----------  --------------  -------------------
/opt/airflow/dags/datatourisme_poi_dag.py    502  0.00s             0           1  0.04s           2025-12-07T15:14:25
/opt/airflow/dags/simple_dag.py                                     1           0  0.05s           2025-12-07T15:14:26
================================================================================
[2025-12-07T15:15:24.088+0000] {manager.py:738} INFO - Searching for files in /opt/airflow/dags
[2025-12-07T15:15:24.089+0000] {manager.py:741} INFO - There are 2 files in /opt/airflow/dags
[2025-12-07T15:15:26.107+0000] {manager.py:879} INFO - 
================================================================================
DAG File Processing Stats

File Path                                    PID  Runtime      # DAGs    # Errors  Last Runtime    Last Run
-----------------------------------------  -----  ---------  --------  ----------  --------------  -------------------
/opt/airflow/dags/datatourisme_poi_dag.py    528  0.00s             0           1  0.03s           2025-12-07T15:14:55
/opt/airflow/dags/simple_dag.py                                     1           0  0.05s           2025-12-07T15:14:57
================================================================================
[2025-12-07T15:15:56.250+0000] {manager.py:879} INFO - 
================================================================================
DAG File Processing Stats

File Path                                    PID  Runtime      # DAGs    # Errors  Last Runtime    Last Run
-----------------------------------------  -----  ---------  --------  ----------  --------------  -------------------
/opt/airflow/dags/datatourisme_poi_dag.py    546  0.00s             0           1  0.04s           2025-12-07T15:15:26
/opt/airflow/dags/simple_dag.py                                     1           0  0.06s           2025-12-07T15:15:27
================================================================================
[2025-12-07T15:16:26.383+0000] {manager.py:879} INFO - 
================================================================================
DAG File Processing Stats

File Path                                    PID  Runtime      # DAGs    # Errors  Last Runtime    Last Run
-----------------------------------------  -----  ---------  --------  ----------  --------------  -------------------
/opt/airflow/dags/datatourisme_poi_dag.py    572  0.00s             0           1  0.03s           2025-12-07T15:15:56
/opt/airflow/dags/simple_dag.py                                     1           0  0.05s           2025-12-07T15:15:57
================================================================================
[2025-12-07T15:16:56.510+0000] {manager.py:879} INFO - 
================================================================================
DAG File Processing Stats

File Path                                    PID  Runtime      # DAGs    # Errors  Last Runtime    Last Run
-----------------------------------------  -----  ---------  --------  ----------  --------------  -------------------
/opt/airflow/dags/datatourisme_poi_dag.py    598  0.00s             0           1  0.03s           2025-12-07T15:16:26
/opt/airflow/dags/simple_dag.py                                     1           0  0.06s           2025-12-07T15:16:27
================================================================================
[2025-12-07T15:17:26.647+0000] {manager.py:879} INFO - 
================================================================================
DAG File Processing Stats

File Path                                    PID  Runtime      # DAGs    # Errors  Last Runtime    Last Run
-----------------------------------------  -----  ---------  --------  ----------  --------------  -------------------
/opt/airflow/dags/datatourisme_poi_dag.py    616  0.00s             0           1  0.04s           2025-12-07T15:16:56
/opt/airflow/dags/simple_dag.py                                     1           0  0.05s           2025-12-07T15:16:57
================================================================================
[2025-12-07T15:17:56.784+0000] {manager.py:879} INFO - 
================================================================================
DAG File Processing Stats

File Path                                    PID  Runtime      # DAGs    # Errors  Last Runtime    Last Run
-----------------------------------------  -----  ---------  --------  ----------  --------------  -------------------
/opt/airflow/dags/datatourisme_poi_dag.py    642  0.00s             0           1  0.04s           2025-12-07T15:17:26
/opt/airflow/dags/simple_dag.py                                     1           0  0.05s           2025-12-07T15:17:27
================================================================================
[2025-12-07T15:18:26.909+0000] {manager.py:879} INFO - 
================================================================================
DAG File Processing Stats

File Path                                    PID  Runtime      # DAGs    # Errors  Last Runtime    Last Run
-----------------------------------------  -----  ---------  --------  ----------  --------------  -------------------
/opt/airflow/dags/datatourisme_poi_dag.py    668  0.00s             0           1  0.03s           2025-12-07T15:17:56
/opt/airflow/dags/simple_dag.py                                     1           0  0.05s           2025-12-07T15:17:57
================================================================================
[2025-12-07T15:18:57.041+0000] {manager.py:879} INFO - 
================================================================================
DAG File Processing Stats

File Path                                    PID  Runtime      # DAGs    # Errors  Last Runtime    Last Run
-----------------------------------------  -----  ---------  --------  ----------  --------------  -------------------
/opt/airflow/dags/datatourisme_poi_dag.py    686  0.00s             0           1  0.04s           2025-12-07T15:18:26
/opt/airflow/dags/simple_dag.py                                     1           0  0.05s           2025-12-07T15:18:27
================================================================================
[2025-12-07T15:19:27.174+0000] {manager.py:879} INFO - 
================================================================================
DAG File Processing Stats

File Path                                    PID  Runtime      # DAGs    # Errors  Last Runtime    Last Run
-----------------------------------------  -----  ---------  --------  ----------  --------------  -------------------
/opt/airflow/dags/datatourisme_poi_dag.py    711  0.00s             0           1  0.03s           2025-12-07T15:18:57
/opt/airflow/dags/simple_dag.py                                     1           0  0.06s           2025-12-07T15:18:58
================================================================================
[2025-12-07T15:19:57.318+0000] {manager.py:879} INFO - 
================================================================================
DAG File Processing Stats

File Path                                    PID  Runtime      # DAGs    # Errors  Last Runtime    Last Run
-----------------------------------------  -----  ---------  --------  ----------  --------------  -------------------
/opt/airflow/dags/datatourisme_poi_dag.py    736  0.00s             0           1  0.04s           2025-12-07T15:19:27
/opt/airflow/dags/simple_dag.py                                     1           0  0.05s           2025-12-07T15:19:28
================================================================================
[2025-12-07T15:20:24.437+0000] {manager.py:738} INFO - Searching for files in /opt/airflow/dags
[2025-12-07T15:20:24.438+0000] {manager.py:741} INFO - There are 2 files in /opt/airflow/dags
[2025-12-07T15:20:27.463+0000] {manager.py:879} INFO - 
================================================================================
DAG File Processing Stats

File Path                                    PID  Runtime      # DAGs    # Errors  Last Runtime    Last Run
-----------------------------------------  -----  ---------  --------  ----------  --------------  -------------------
/opt/airflow/dags/datatourisme_poi_dag.py    753  0.00s             0           1  0.03s           2025-12-07T15:19:57
/opt/airflow/dags/simple_dag.py                                     1           0  0.05s           2025-12-07T15:19:58
================================================================================
[2025-12-07T15:20:57.602+0000] {manager.py:879} INFO - 
================================================================================
DAG File Processing Stats

File Path                                    PID  Runtime      # DAGs    # Errors  Last Runtime    Last Run
-----------------------------------------  -----  ---------  --------  ----------  --------------  -------------------
/opt/airflow/dags/datatourisme_poi_dag.py    778  0.00s             0           1  0.04s           2025-12-07T15:20:27
/opt/airflow/dags/simple_dag.py                                     1           0  0.06s           2025-12-07T15:20:28
================================================================================
[2025-12-07T15:21:27.739+0000] {manager.py:879} INFO - 
================================================================================
DAG File Processing Stats

File Path                                    PID  Runtime      # DAGs    # Errors  Last Runtime    Last Run
-----------------------------------------  -----  ---------  --------  ----------  --------------  -------------------
/opt/airflow/dags/datatourisme_poi_dag.py    803  0.00s             0           1  0.04s           2025-12-07T15:20:57
/opt/airflow/dags/simple_dag.py                                     1           0  0.06s           2025-12-07T15:20:58
================================================================================
[2025-12-07T15:21:57.872+0000] {manager.py:879} INFO - 
================================================================================
DAG File Processing Stats

File Path                                    PID  Runtime      # DAGs    # Errors  Last Runtime    Last Run
-----------------------------------------  -----  ---------  --------  ----------  --------------  -------------------
/opt/airflow/dags/datatourisme_poi_dag.py    821  0.00s             0           1  0.04s           2025-12-07T15:21:27
/opt/airflow/dags/simple_dag.py                                     1           0  0.06s           2025-12-07T15:21:28
================================================================================
[2025-12-07T15:22:28.003+0000] {manager.py:879} INFO - 
================================================================================
DAG File Processing Stats

File Path                                    PID  Runtime      # DAGs    # Errors  Last Runtime    Last Run
-----------------------------------------  -----  ---------  --------  ----------  --------------  -------------------
/opt/airflow/dags/datatourisme_poi_dag.py    846  0.00s             0           1  0.03s           2025-12-07T15:21:57
/opt/airflow/dags/simple_dag.py                                     1           0  0.05s           2025-12-07T15:21:58
================================================================================
[2025-12-07T15:22:58.136+0000] {manager.py:879} INFO - 
================================================================================
DAG File Processing Stats

File Path                                    PID  Runtime      # DAGs    # Errors  Last Runtime    Last Run
-----------------------------------------  -----  ---------  --------  ----------  --------------  -------------------
/opt/airflow/dags/datatourisme_poi_dag.py    872  0.00s             0           1  0.04s           2025-12-07T15:22:28
/opt/airflow/dags/simple_dag.py                                     1           0  0.06s           2025-12-07T15:22:29
================================================================================
[2025-12-07T15:23:28.273+0000] {manager.py:879} INFO - 
================================================================================
DAG File Processing Stats

File Path                                    PID  Runtime      # DAGs    # Errors  Last Runtime    Last Run
-----------------------------------------  -----  ---------  --------  ----------  --------------  -------------------
/opt/airflow/dags/datatourisme_poi_dag.py    889  0.00s             0           1  0.04s           2025-12-07T15:22:58
/opt/airflow/dags/simple_dag.py                                     1           0  0.05s           2025-12-07T15:22:59
================================================================================
[2025-12-07T15:23:58.405+0000] {manager.py:879} INFO - 
================================================================================
DAG File Processing Stats

File Path                                    PID  Runtime      # DAGs    # Errors  Last Runtime    Last Run
-----------------------------------------  -----  ---------  --------  ----------  --------------  -------------------
/opt/airflow/dags/datatourisme_poi_dag.py    915  0.00s             0           1  0.03s           2025-12-07T15:23:28
/opt/airflow/dags/simple_dag.py                                     1           0  0.06s           2025-12-07T15:23:29
================================================================================
[2025-12-07T15:24:28.547+0000] {manager.py:879} INFO - 
================================================================================
DAG File Processing Stats

File Path                                    PID  Runtime      # DAGs    # Errors  Last Runtime    Last Run
-----------------------------------------  -----  ---------  --------  ----------  --------------  -------------------
/opt/airflow/dags/datatourisme_poi_dag.py    941  0.00s             0           1  0.04s           2025-12-07T15:23:58
/opt/airflow/dags/simple_dag.py                                     1           0  0.05s           2025-12-07T15:23:59
================================================================================
[2025-12-07T15:24:58.678+0000] {manager.py:879} INFO - 
================================================================================
DAG File Processing Stats

File Path                                    PID  Runtime      # DAGs    # Errors  Last Runtime    Last Run
-----------------------------------------  -----  ---------  --------  ----------  --------------  -------------------
/opt/airflow/dags/datatourisme_poi_dag.py    959  0.00s             0           1  0.04s           2025-12-07T15:24:28
/opt/airflow/dags/simple_dag.py                                     1           0  0.05s           2025-12-07T15:24:29
================================================================================
[2025-12-07T15:25:24.794+0000] {manager.py:738} INFO - Searching for files in /opt/airflow/dags
[2025-12-07T15:25:24.795+0000] {manager.py:741} INFO - There are 2 files in /opt/airflow/dags
[2025-12-07T15:25:28.818+0000] {manager.py:879} INFO - 
================================================================================
DAG File Processing Stats

File Path                                    PID  Runtime      # DAGs    # Errors  Last Runtime    Last Run
-----------------------------------------  -----  ---------  --------  ----------  --------------  -------------------
/opt/airflow/dags/datatourisme_poi_dag.py    984  0.00s             0           1  0.03s           2025-12-07T15:24:58
/opt/airflow/dags/simple_dag.py                                     1           0  0.05s           2025-12-07T15:24:59
================================================================================
[2025-12-07T15:25:58.956+0000] {manager.py:879} INFO - 
================================================================================
DAG File Processing Stats

File Path                                    PID  Runtime      # DAGs    # Errors  Last Runtime    Last Run
-----------------------------------------  -----  ---------  --------  ----------  --------------  -------------------
/opt/airflow/dags/datatourisme_poi_dag.py   1010  0.00s             0           1  0.03s           2025-12-07T15:25:28
/opt/airflow/dags/simple_dag.py                                     1           0  0.06s           2025-12-07T15:25:29
================================================================================
[2025-12-07T15:26:29.097+0000] {manager.py:879} INFO - 
================================================================================
DAG File Processing Stats

File Path                                    PID  Runtime      # DAGs    # Errors  Last Runtime    Last Run
-----------------------------------------  -----  ---------  --------  ----------  --------------  -------------------
/opt/airflow/dags/datatourisme_poi_dag.py   1027  0.00s             0           1  0.04s           2025-12-07T15:25:58
/opt/airflow/dags/simple_dag.py                                     1           0  0.05s           2025-12-07T15:26:00
================================================================================
[2025-12-07T15:26:59.234+0000] {manager.py:879} INFO - 
================================================================================
DAG File Processing Stats

File Path                                    PID  Runtime      # DAGs    # Errors  Last Runtime    Last Run
-----------------------------------------  -----  ---------  --------  ----------  --------------  -------------------
/opt/airflow/dags/datatourisme_poi_dag.py   1053  0.00s             0           1  0.04s           2025-12-07T15:26:29
/opt/airflow/dags/simple_dag.py                                     1           0  0.06s           2025-12-07T15:26:30
================================================================================
[2025-12-07T15:27:29.372+0000] {manager.py:879} INFO - 
================================================================================
DAG File Processing Stats

File Path                                    PID  Runtime      # DAGs    # Errors  Last Runtime    Last Run
-----------------------------------------  -----  ---------  --------  ----------  --------------  -------------------
/opt/airflow/dags/datatourisme_poi_dag.py   1079  0.00s             0           1  0.03s           2025-12-07T15:26:59
/opt/airflow/dags/simple_dag.py                                     1           0  0.06s           2025-12-07T15:27:00
================================================================================
[2025-12-07T15:27:59.527+0000] {manager.py:879} INFO - 
================================================================================
DAG File Processing Stats

File Path                                    PID  Runtime      # DAGs    # Errors  Last Runtime    Last Run
-----------------------------------------  -----  ---------  --------  ----------  --------------  -------------------
/opt/airflow/dags/datatourisme_poi_dag.py   1097  0.00s             0           1  0.05s           2025-12-07T15:27:29
/opt/airflow/dags/simple_dag.py                                     1           0  0.06s           2025-12-07T15:27:30
================================================================================
[2025-12-07T15:28:29.662+0000] {manager.py:879} INFO - 
================================================================================
DAG File Processing Stats

File Path                                    PID  Runtime      # DAGs    # Errors  Last Runtime    Last Run
-----------------------------------------  -----  ---------  --------  ----------  --------------  -------------------
/opt/airflow/dags/datatourisme_poi_dag.py   1122  0.00s             0           1  0.04s           2025-12-07T15:27:59
/opt/airflow/dags/simple_dag.py                                     1           0  0.07s           2025-12-07T15:28:00
================================================================================
[2025-12-07T15:28:59.808+0000] {manager.py:879} INFO - 
================================================================================
DAG File Processing Stats

File Path                                    PID  Runtime      # DAGs    # Errors  Last Runtime    Last Run
-----------------------------------------  -----  ---------  --------  ----------  --------------  -------------------
/opt/airflow/dags/datatourisme_poi_dag.py   1148  0.00s             0           1  0.04s           2025-12-07T15:28:29
/opt/airflow/dags/simple_dag.py                                     1           0  0.05s           2025-12-07T15:28:30
================================================================================
[2025-12-07T15:29:29.957+0000] {manager.py:879} INFO - 
================================================================================
DAG File Processing Stats

File Path                                    PID  Runtime      # DAGs    # Errors  Last Runtime    Last Run
-----------------------------------------  -----  ---------  --------  ----------  --------------  -------------------
/opt/airflow/dags/datatourisme_poi_dag.py   1165  0.00s             0           1  0.05s           2025-12-07T15:28:59
/opt/airflow/dags/simple_dag.py                                     1           0  0.05s           2025-12-07T15:29:00
================================================================================
[2025-12-07T15:30:00.089+0000] {manager.py:879} INFO - 
================================================================================
DAG File Processing Stats

File Path                                    PID  Runtime      # DAGs    # Errors  Last Runtime    Last Run
-----------------------------------------  -----  ---------  --------  ----------  --------------  -------------------
/opt/airflow/dags/datatourisme_poi_dag.py   1190  0.00s             0           1  0.04s           2025-12-07T15:29:29
/opt/airflow/dags/simple_dag.py                                     1           0  0.06s           2025-12-07T15:29:31
================================================================================
[2025-12-07T15:30:25.198+0000] {manager.py:738} INFO - Searching for files in /opt/airflow/dags
[2025-12-07T15:30:25.199+0000] {manager.py:741} INFO - There are 2 files in /opt/airflow/dags
[2025-12-07T15:30:30.225+0000] {manager.py:879} INFO - 
================================================================================
DAG File Processing Stats

File Path                                    PID  Runtime      # DAGs    # Errors  Last Runtime    Last Run
-----------------------------------------  -----  ---------  --------  ----------  --------------  -------------------
/opt/airflow/dags/datatourisme_poi_dag.py   1216  0.00s             0           1  0.04s           2025-12-07T15:30:00
/opt/airflow/dags/simple_dag.py                                     1           0  0.06s           2025-12-07T15:30:01
================================================================================
[2025-12-07T15:30:48.970+0000] {manager.py:451} INFO - Exiting gracefully upon receiving signal 15
[2025-12-07T15:31:51.166+0000] {manager.py:469} INFO - Processing files using up to 2 processes at a time 
[2025-12-07T15:31:51.167+0000] {manager.py:470} INFO - Process each file at most once every 30 seconds
[2025-12-07T15:31:51.167+0000] {manager.py:471} INFO - Checking for new files in /opt/airflow/dags every 300 seconds
[2025-12-07T15:31:51.167+0000] {manager.py:738} INFO - Searching for files in /opt/airflow/dags
[2025-12-07T15:31:51.169+0000] {manager.py:741} INFO - There are 2 files in /opt/airflow/dags
[2025-12-07T15:31:51.233+0000] {manager.py:879} INFO - 
================================================================================
DAG File Processing Stats

File Path                                    PID  Runtime      # DAGs    # Errors  Last Runtime    Last Run
-----------------------------------------  -----  ---------  --------  ----------  --------------  ----------
/opt/airflow/dags/simple_dag.py               62  0.02s             0           0
/opt/airflow/dags/datatourisme_poi_dag.py     61  0.02s             0           0
================================================================================
[2025-12-07T15:32:21.346+0000] {manager.py:879} INFO - 
================================================================================
DAG File Processing Stats

File Path                                    PID  Runtime      # DAGs    # Errors  Last Runtime    Last Run
-----------------------------------------  -----  ---------  --------  ----------  --------------  -------------------
/opt/airflow/dags/datatourisme_poi_dag.py     87  0.00s             0           1  0.03s           2025-12-07T15:31:51
/opt/airflow/dags/simple_dag.py                                     1           0  0.13s           2025-12-07T15:31:51
================================================================================
[2025-12-07T15:32:51.469+0000] {manager.py:879} INFO - 
================================================================================
DAG File Processing Stats

File Path                                    PID  Runtime      # DAGs    # Errors  Last Runtime    Last Run
-----------------------------------------  -----  ---------  --------  ----------  --------------  -------------------
/opt/airflow/dags/datatourisme_poi_dag.py    105  0.00s             0           1  0.03s           2025-12-07T15:32:21
/opt/airflow/dags/simple_dag.py                                     1           0  0.26s           2025-12-07T15:32:21
================================================================================
[2025-12-07T15:33:21.606+0000] {manager.py:879} INFO - 
================================================================================
DAG File Processing Stats

File Path                                    PID  Runtime      # DAGs    # Errors  Last Runtime    Last Run
-----------------------------------------  -----  ---------  --------  ----------  --------------  -------------------
/opt/airflow/dags/datatourisme_poi_dag.py    131  0.00s             0           1  0.04s           2025-12-07T15:32:51
/opt/airflow/dags/simple_dag.py                                     1           0  0.07s           2025-12-07T15:32:52
================================================================================
[2025-12-07T15:33:51.744+0000] {manager.py:879} INFO - 
================================================================================
DAG File Processing Stats

File Path                                  PID    Runtime      # DAGs    # Errors  Last Runtime    Last Run
-----------------------------------------  -----  ---------  --------  ----------  --------------  -------------------
/opt/airflow/dags/datatourisme_poi_dag.py                           0           1  0.03s           2025-12-07T15:33:45
/opt/airflow/dags/simple_dag.py                                     1           0  0.05s           2025-12-07T15:33:22
================================================================================
[2025-12-07T15:34:21.875+0000] {manager.py:879} INFO - 
================================================================================
DAG File Processing Stats

File Path                                  PID    Runtime      # DAGs    # Errors  Last Runtime    Last Run
-----------------------------------------  -----  ---------  --------  ----------  --------------  -------------------
/opt/airflow/dags/datatourisme_poi_dag.py                           0           1  0.04s           2025-12-07T15:34:15
/opt/airflow/dags/simple_dag.py                                     1           0  0.05s           2025-12-07T15:33:52
================================================================================
[2025-12-07T15:34:52.021+0000] {manager.py:879} INFO - 
================================================================================
DAG File Processing Stats

File Path                                  PID    Runtime      # DAGs    # Errors  Last Runtime    Last Run
-----------------------------------------  -----  ---------  --------  ----------  --------------  -------------------
/opt/airflow/dags/datatourisme_poi_dag.py                           0           1  0.03s           2025-12-07T15:34:39
/opt/airflow/dags/simple_dag.py                                     1           0  0.06s           2025-12-07T15:34:22
================================================================================
[2025-12-07T15:35:22.163+0000] {manager.py:879} INFO - 
================================================================================
DAG File Processing Stats

File Path                                  PID    Runtime      # DAGs    # Errors  Last Runtime    Last Run
-----------------------------------------  -----  ---------  --------  ----------  --------------  -------------------
/opt/airflow/dags/datatourisme_poi_dag.py                           0           1  0.04s           2025-12-07T15:35:09
/opt/airflow/dags/simple_dag.py                                     1           0  0.05s           2025-12-07T15:34:53
================================================================================
[2025-12-07T15:35:52.298+0000] {manager.py:879} INFO - 
================================================================================
DAG File Processing Stats

File Path                                  PID    Runtime      # DAGs    # Errors  Last Runtime    Last Run
-----------------------------------------  -----  ---------  --------  ----------  --------------  -------------------
/opt/airflow/dags/datatourisme_poi_dag.py                           0           1  0.05s           2025-12-07T15:35:39
/opt/airflow/dags/simple_dag.py                                     1           0  0.05s           2025-12-07T15:35:23
================================================================================
[2025-12-07T15:36:22.444+0000] {manager.py:879} INFO - 
================================================================================
DAG File Processing Stats

File Path                                  PID    Runtime      # DAGs    # Errors  Last Runtime    Last Run
-----------------------------------------  -----  ---------  --------  ----------  --------------  -------------------
/opt/airflow/dags/simple_dag.py                                     1           0  0.05s           2025-12-07T15:35:53
/opt/airflow/dags/datatourisme_poi_dag.py                           1           0  0.16s           2025-12-07T15:36:09
================================================================================
[2025-12-07T15:36:51.579+0000] {manager.py:738} INFO - Searching for files in /opt/airflow/dags
[2025-12-07T15:36:51.580+0000] {manager.py:741} INFO - There are 2 files in /opt/airflow/dags
[2025-12-07T15:36:52.594+0000] {manager.py:879} INFO - 
================================================================================
DAG File Processing Stats

File Path                                  PID    Runtime      # DAGs    # Errors  Last Runtime    Last Run
-----------------------------------------  -----  ---------  --------  ----------  --------------  -------------------
/opt/airflow/dags/simple_dag.py                                     1           0  0.05s           2025-12-07T15:36:23
/opt/airflow/dags/datatourisme_poi_dag.py                           1           0  0.07s           2025-12-07T15:36:39
================================================================================
[2025-12-07T15:37:22.754+0000] {manager.py:879} INFO - 
================================================================================
DAG File Processing Stats

File Path                                  PID    Runtime      # DAGs    # Errors  Last Runtime    Last Run
-----------------------------------------  -----  ---------  --------  ----------  --------------  -------------------
/opt/airflow/dags/simple_dag.py                                     1           0  0.07s           2025-12-07T15:36:53
/opt/airflow/dags/datatourisme_poi_dag.py                           1           0  0.08s           2025-12-07T15:37:09
================================================================================
[2025-12-07T15:37:52.922+0000] {manager.py:879} INFO - 
================================================================================
DAG File Processing Stats

File Path                                  PID    Runtime      # DAGs    # Errors  Last Runtime    Last Run
-----------------------------------------  -----  ---------  --------  ----------  --------------  -------------------
/opt/airflow/dags/simple_dag.py                                     1           0  0.07s           2025-12-07T15:37:23
/opt/airflow/dags/datatourisme_poi_dag.py                           1           0  0.07s           2025-12-07T15:37:39
================================================================================
[2025-12-07T15:38:23.091+0000] {manager.py:879} INFO - 
================================================================================
DAG File Processing Stats

File Path                                  PID    Runtime      # DAGs    # Errors  Last Runtime    Last Run
-----------------------------------------  -----  ---------  --------  ----------  --------------  -------------------
/opt/airflow/dags/simple_dag.py                                     1           0  0.07s           2025-12-07T15:37:53
/opt/airflow/dags/datatourisme_poi_dag.py                           1           0  0.07s           2025-12-07T15:38:10
================================================================================
[2025-12-07T15:38:53.258+0000] {manager.py:879} INFO - 
================================================================================
DAG File Processing Stats

File Path                                  PID    Runtime      # DAGs    # Errors  Last Runtime    Last Run
-----------------------------------------  -----  ---------  --------  ----------  --------------  -------------------
/opt/airflow/dags/datatourisme_poi_dag.py                           0           1  0.06s           2025-12-07T15:38:37
/opt/airflow/dags/simple_dag.py                                     1           0  0.07s           2025-12-07T15:38:24
================================================================================
[2025-12-07T15:39:23.408+0000] {manager.py:879} INFO - 
================================================================================
DAG File Processing Stats

File Path                                  PID    Runtime      # DAGs    # Errors  Last Runtime    Last Run
-----------------------------------------  -----  ---------  --------  ----------  --------------  -------------------
/opt/airflow/dags/datatourisme_poi_dag.py                           0           1  0.04s           2025-12-07T15:39:07
/opt/airflow/dags/simple_dag.py                                     1           0  0.07s           2025-12-07T15:38:54
================================================================================
[2025-12-07T15:39:53.546+0000] {manager.py:879} INFO - 
================================================================================
DAG File Processing Stats

File Path                                  PID    Runtime      # DAGs    # Errors  Last Runtime    Last Run
-----------------------------------------  -----  ---------  --------  ----------  --------------  -------------------
/opt/airflow/dags/datatourisme_poi_dag.py                           0           1  0.03s           2025-12-07T15:39:37
/opt/airflow/dags/simple_dag.py                                     1           0  0.08s           2025-12-07T15:39:24
================================================================================
[2025-12-07T15:40:23.648+0000] {manager.py:879} INFO - 
================================================================================
DAG File Processing Stats

File Path                                  PID    Runtime      # DAGs    # Errors  Last Runtime    Last Run
-----------------------------------------  -----  ---------  --------  ----------  --------------  -------------------
/opt/airflow/dags/datatourisme_poi_dag.py                           0           1  0.04s           2025-12-07T15:40:07
/opt/airflow/dags/simple_dag.py                                     1           0  0.07s           2025-12-07T15:39:54
================================================================================
[2025-12-07T15:40:53.801+0000] {manager.py:879} INFO - 
================================================================================
DAG File Processing Stats

File Path                                  PID    Runtime      # DAGs    # Errors  Last Runtime    Last Run
-----------------------------------------  -----  ---------  --------  ----------  --------------  -------------------
/opt/airflow/dags/datatourisme_poi_dag.py                           0           1  0.04s           2025-12-07T15:40:37
/opt/airflow/dags/simple_dag.py                                     1           0  0.06s           2025-12-07T15:40:24
================================================================================
[2025-12-07T15:41:23.901+0000] {manager.py:879} INFO - 
================================================================================
DAG File Processing Stats

File Path                                  PID    Runtime      # DAGs    # Errors  Last Runtime    Last Run
-----------------------------------------  -----  ---------  --------  ----------  --------------  -------------------
/opt/airflow/dags/datatourisme_poi_dag.py                           0           1  0.03s           2025-12-07T15:41:07
/opt/airflow/dags/simple_dag.py                                     1           0  0.05s           2025-12-07T15:40:54
================================================================================
[2025-12-07T15:41:52.032+0000] {manager.py:738} INFO - Searching for files in /opt/airflow/dags
[2025-12-07T15:41:52.033+0000] {manager.py:741} INFO - There are 2 files in /opt/airflow/dags
[2025-12-07T15:41:54.049+0000] {manager.py:879} INFO - 
================================================================================
DAG File Processing Stats

File Path                                  PID    Runtime      # DAGs    # Errors  Last Runtime    Last Run
-----------------------------------------  -----  ---------  --------  ----------  --------------  -------------------
/opt/airflow/dags/datatourisme_poi_dag.py                           0           1  0.04s           2025-12-07T15:41:37
/opt/airflow/dags/simple_dag.py                                     1           0  0.05s           2025-12-07T15:41:24
================================================================================
[2025-12-07T15:42:24.153+0000] {manager.py:879} INFO - 
================================================================================
DAG File Processing Stats

File Path                                  PID    Runtime      # DAGs    # Errors  Last Runtime    Last Run
-----------------------------------------  -----  ---------  --------  ----------  --------------  -------------------
/opt/airflow/dags/datatourisme_poi_dag.py                           0           1  0.03s           2025-12-07T15:42:08
/opt/airflow/dags/simple_dag.py                                     1           0  0.08s           2025-12-07T15:41:55
================================================================================
[2025-12-07T15:42:54.289+0000] {manager.py:879} INFO - 
================================================================================
DAG File Processing Stats

File Path                                  PID    Runtime      # DAGs    # Errors  Last Runtime    Last Run
-----------------------------------------  -----  ---------  --------  ----------  --------------  -------------------
/opt/airflow/dags/datatourisme_poi_dag.py                           0           1  0.04s           2025-12-07T15:42:45
/opt/airflow/dags/simple_dag.py                                     1           0  0.06s           2025-12-07T15:42:25
================================================================================
[2025-12-07T15:43:24.427+0000] {manager.py:879} INFO - 
================================================================================
DAG File Processing Stats

File Path                                  PID    Runtime      # DAGs    # Errors  Last Runtime    Last Run
-----------------------------------------  -----  ---------  --------  ----------  --------------  -------------------
/opt/airflow/dags/datatourisme_poi_dag.py                           0           1  0.05s           2025-12-07T15:43:15
/opt/airflow/dags/simple_dag.py                                     1           0  0.06s           2025-12-07T15:42:55
================================================================================
[2025-12-07T15:43:54.532+0000] {manager.py:879} INFO - 
================================================================================
DAG File Processing Stats

File Path                                  PID    Runtime      # DAGs    # Errors  Last Runtime    Last Run
-----------------------------------------  -----  ---------  --------  ----------  --------------  -------------------
/opt/airflow/dags/datatourisme_poi_dag.py                           0           1  0.03s           2025-12-07T15:43:45
/opt/airflow/dags/simple_dag.py                                     1           0  0.06s           2025-12-07T15:43:25
================================================================================
[2025-12-07T15:44:24.668+0000] {manager.py:879} INFO - 
================================================================================
DAG File Processing Stats

File Path                                  PID    Runtime      # DAGs    # Errors  Last Runtime    Last Run
-----------------------------------------  -----  ---------  --------  ----------  --------------  -------------------
/opt/airflow/dags/datatourisme_poi_dag.py                           0           1  0.04s           2025-12-07T15:44:15
/opt/airflow/dags/simple_dag.py                                     1           0  0.06s           2025-12-07T15:43:55
================================================================================
[2025-12-07T15:44:54.795+0000] {manager.py:879} INFO - 
================================================================================
DAG File Processing Stats

File Path                                  PID    Runtime      # DAGs    # Errors  Last Runtime    Last Run
-----------------------------------------  -----  ---------  --------  ----------  --------------  -------------------
/opt/airflow/dags/datatourisme_poi_dag.py                           0           1  0.03s           2025-12-07T15:44:45
/opt/airflow/dags/simple_dag.py                                     1           0  0.05s           2025-12-07T15:44:25
================================================================================
[2025-12-07T15:45:24.892+0000] {manager.py:879} INFO - 
================================================================================
DAG File Processing Stats

File Path                                  PID    Runtime      # DAGs    # Errors  Last Runtime    Last Run
-----------------------------------------  -----  ---------  --------  ----------  --------------  -------------------
/opt/airflow/dags/datatourisme_poi_dag.py                           0           1  0.03s           2025-12-07T15:45:15
/opt/airflow/dags/simple_dag.py                                     1           0  0.05s           2025-12-07T15:44:55
================================================================================
[2025-12-07T15:45:55.038+0000] {manager.py:879} INFO - 
================================================================================
DAG File Processing Stats

File Path                                  PID    Runtime      # DAGs    # Errors  Last Runtime    Last Run
-----------------------------------------  -----  ---------  --------  ----------  --------------  -------------------
/opt/airflow/dags/datatourisme_poi_dag.py                           0           1  0.03s           2025-12-07T15:45:46
/opt/airflow/dags/simple_dag.py                                     1           0  0.06s           2025-12-07T15:45:25
================================================================================
[2025-12-07T15:46:25.161+0000] {manager.py:879} INFO - 
================================================================================
DAG File Processing Stats

File Path                                  PID    Runtime      # DAGs    # Errors  Last Runtime    Last Run
-----------------------------------------  -----  ---------  --------  ----------  --------------  -------------------
/opt/airflow/dags/datatourisme_poi_dag.py                           0           1  0.03s           2025-12-07T15:46:16
/opt/airflow/dags/simple_dag.py                                     1           0  0.05s           2025-12-07T15:45:56
================================================================================
[2025-12-07T15:46:52.260+0000] {manager.py:738} INFO - Searching for files in /opt/airflow/dags
[2025-12-07T15:46:52.262+0000] {manager.py:741} INFO - There are 2 files in /opt/airflow/dags
[2025-12-07T15:46:55.280+0000] {manager.py:879} INFO - 
================================================================================
DAG File Processing Stats

File Path                                  PID    Runtime      # DAGs    # Errors  Last Runtime    Last Run
-----------------------------------------  -----  ---------  --------  ----------  --------------  -------------------
/opt/airflow/dags/datatourisme_poi_dag.py                           0           1  0.03s           2025-12-07T15:46:46
/opt/airflow/dags/simple_dag.py                                     1           0  0.04s           2025-12-07T15:46:26
================================================================================
[2025-12-07T15:47:25.403+0000] {manager.py:879} INFO - 
================================================================================
DAG File Processing Stats

File Path                                  PID    Runtime      # DAGs    # Errors  Last Runtime    Last Run
-----------------------------------------  -----  ---------  --------  ----------  --------------  -------------------
/opt/airflow/dags/datatourisme_poi_dag.py                           0           1  0.03s           2025-12-07T15:47:16
/opt/airflow/dags/simple_dag.py                                     1           0  0.05s           2025-12-07T15:46:56
================================================================================
[2025-12-07T15:47:55.519+0000] {manager.py:879} INFO - 
================================================================================
DAG File Processing Stats

File Path                                  PID    Runtime      # DAGs    # Errors  Last Runtime    Last Run
-----------------------------------------  -----  ---------  --------  ----------  --------------  -------------------
/opt/airflow/dags/datatourisme_poi_dag.py                           0           1  0.04s           2025-12-07T15:47:46
/opt/airflow/dags/simple_dag.py                                     1           0  0.04s           2025-12-07T15:47:26
================================================================================
[2025-12-07T15:48:25.646+0000] {manager.py:879} INFO - 
================================================================================
DAG File Processing Stats

File Path                                  PID    Runtime      # DAGs    # Errors  Last Runtime    Last Run
-----------------------------------------  -----  ---------  --------  ----------  --------------  -------------------
/opt/airflow/dags/datatourisme_poi_dag.py                           0           1  0.04s           2025-12-07T15:48:16
/opt/airflow/dags/simple_dag.py                                     1           0  0.06s           2025-12-07T15:47:56
================================================================================
[2025-12-07T15:48:55.749+0000] {manager.py:879} INFO - 
================================================================================
DAG File Processing Stats

File Path                                  PID    Runtime      # DAGs    # Errors  Last Runtime    Last Run
-----------------------------------------  -----  ---------  --------  ----------  --------------  -------------------
/opt/airflow/dags/datatourisme_poi_dag.py                           0           1  0.04s           2025-12-07T15:48:46
/opt/airflow/dags/simple_dag.py                                     1           0  0.07s           2025-12-07T15:48:26
================================================================================
[2025-12-07T15:49:25.890+0000] {manager.py:879} INFO - 
================================================================================
DAG File Processing Stats

File Path                                  PID    Runtime      # DAGs    # Errors  Last Runtime    Last Run
-----------------------------------------  -----  ---------  --------  ----------  --------------  -------------------
/opt/airflow/dags/datatourisme_poi_dag.py                           0           1  0.04s           2025-12-07T15:49:16
/opt/airflow/dags/simple_dag.py                                     1           0  0.06s           2025-12-07T15:48:56
================================================================================
[2025-12-07T15:49:55.993+0000] {manager.py:879} INFO - 
================================================================================
DAG File Processing Stats

File Path                                  PID    Runtime      # DAGs    # Errors  Last Runtime    Last Run
-----------------------------------------  -----  ---------  --------  ----------  --------------  -------------------
/opt/airflow/dags/datatourisme_poi_dag.py                           0           1  0.03s           2025-12-07T15:49:30
/opt/airflow/dags/simple_dag.py                                     1           0  0.06s           2025-12-07T15:49:26
================================================================================
[2025-12-07T15:50:26.101+0000] {manager.py:879} INFO - 
================================================================================
DAG File Processing Stats

File Path                                  PID    Runtime      # DAGs    # Errors  Last Runtime    Last Run
-----------------------------------------  -----  ---------  --------  ----------  --------------  -------------------
/opt/airflow/dags/datatourisme_poi_dag.py                           0           1  0.03s           2025-12-07T15:50:01
/opt/airflow/dags/simple_dag.py                                     1           0  0.06s           2025-12-07T15:49:57
================================================================================
[2025-12-07T15:50:56.210+0000] {manager.py:879} INFO - 
================================================================================
DAG File Processing Stats

File Path                                  PID    Runtime      # DAGs    # Errors  Last Runtime    Last Run
-----------------------------------------  -----  ---------  --------  ----------  --------------  -------------------
/opt/airflow/dags/datatourisme_poi_dag.py                           0           1  0.03s           2025-12-07T15:50:31
/opt/airflow/dags/simple_dag.py                                     1           0  0.08s           2025-12-07T15:50:27
================================================================================
[2025-12-07T15:51:26.314+0000] {manager.py:879} INFO - 
================================================================================
DAG File Processing Stats

File Path                                  PID    Runtime      # DAGs    # Errors  Last Runtime    Last Run
-----------------------------------------  -----  ---------  --------  ----------  --------------  -------------------
/opt/airflow/dags/datatourisme_poi_dag.py                           0           1  0.04s           2025-12-07T15:51:01
/opt/airflow/dags/simple_dag.py                                     1           0  0.06s           2025-12-07T15:50:57
================================================================================
[2025-12-07T15:51:52.406+0000] {manager.py:738} INFO - Searching for files in /opt/airflow/dags
[2025-12-07T15:51:52.407+0000] {manager.py:741} INFO - There are 2 files in /opt/airflow/dags
[2025-12-07T15:51:56.428+0000] {manager.py:879} INFO - 
================================================================================
DAG File Processing Stats

File Path                                  PID    Runtime      # DAGs    # Errors  Last Runtime    Last Run
-----------------------------------------  -----  ---------  --------  ----------  --------------  -------------------
/opt/airflow/dags/datatourisme_poi_dag.py                           0           1  0.04s           2025-12-07T15:51:31
/opt/airflow/dags/simple_dag.py                                     1           0  0.05s           2025-12-07T15:51:27
================================================================================
[2025-12-07T15:52:26.531+0000] {manager.py:879} INFO - 
================================================================================
DAG File Processing Stats

File Path                                  PID    Runtime      # DAGs    # Errors  Last Runtime    Last Run
-----------------------------------------  -----  ---------  --------  ----------  --------------  -------------------
/opt/airflow/dags/datatourisme_poi_dag.py                           0           1  0.03s           2025-12-07T15:52:01
/opt/airflow/dags/simple_dag.py                                     1           0  0.06s           2025-12-07T15:51:57
================================================================================
[2025-12-07T15:52:56.637+0000] {manager.py:879} INFO - 
================================================================================
DAG File Processing Stats

File Path                                  PID    Runtime      # DAGs    # Errors  Last Runtime    Last Run
-----------------------------------------  -----  ---------  --------  ----------  --------------  -------------------
/opt/airflow/dags/datatourisme_poi_dag.py                           0           1  0.05s           2025-12-07T15:52:31
/opt/airflow/dags/simple_dag.py                                     1           0  0.06s           2025-12-07T15:52:27
================================================================================
[2025-12-07T15:53:26.745+0000] {manager.py:879} INFO - 
================================================================================
DAG File Processing Stats

File Path                                  PID    Runtime      # DAGs    # Errors  Last Runtime    Last Run
-----------------------------------------  -----  ---------  --------  ----------  --------------  -------------------
/opt/airflow/dags/datatourisme_poi_dag.py                           0           1  0.04s           2025-12-07T15:53:01
/opt/airflow/dags/simple_dag.py                                     1           0  0.09s           2025-12-07T15:52:57
================================================================================
[2025-12-07T15:53:56.847+0000] {manager.py:879} INFO - 
================================================================================
DAG File Processing Stats

File Path                                  PID    Runtime      # DAGs    # Errors  Last Runtime    Last Run
-----------------------------------------  -----  ---------  --------  ----------  --------------  -------------------
/opt/airflow/dags/datatourisme_poi_dag.py                           0           1  0.02s           2025-12-07T15:53:31
/opt/airflow/dags/simple_dag.py                                     1           0  0.05s           2025-12-07T15:53:27
================================================================================
[2025-12-07T15:54:26.952+0000] {manager.py:879} INFO - 
================================================================================
DAG File Processing Stats

File Path                                  PID    Runtime      # DAGs    # Errors  Last Runtime    Last Run
-----------------------------------------  -----  ---------  --------  ----------  --------------  -------------------
/opt/airflow/dags/datatourisme_poi_dag.py                           0           1  0.04s           2025-12-07T15:54:01
/opt/airflow/dags/simple_dag.py                                     1           0  0.06s           2025-12-07T15:53:57
================================================================================
[2025-12-07T15:54:57.101+0000] {manager.py:879} INFO - 
================================================================================
DAG File Processing Stats

File Path                                  PID    Runtime      # DAGs    # Errors  Last Runtime    Last Run
-----------------------------------------  -----  ---------  --------  ----------  --------------  -------------------
/opt/airflow/dags/datatourisme_poi_dag.py                           0           1  0.04s           2025-12-07T15:54:32
/opt/airflow/dags/simple_dag.py                                     1           0  0.05s           2025-12-07T15:54:28
================================================================================
[2025-12-07T15:55:27.195+0000] {manager.py:879} INFO - 
================================================================================
DAG File Processing Stats

File Path                                  PID    Runtime      # DAGs    # Errors  Last Runtime    Last Run
-----------------------------------------  -----  ---------  --------  ----------  --------------  -------------------
/opt/airflow/dags/datatourisme_poi_dag.py                           0           1  0.04s           2025-12-07T15:55:02
/opt/airflow/dags/simple_dag.py                                     1           0  0.05s           2025-12-07T15:54:58
================================================================================
[2025-12-07T15:55:57.312+0000] {manager.py:879} INFO - 
================================================================================
DAG File Processing Stats

File Path                                  PID    Runtime      # DAGs    # Errors  Last Runtime    Last Run
-----------------------------------------  -----  ---------  --------  ----------  --------------  -------------------
/opt/airflow/dags/datatourisme_poi_dag.py                           0           1  0.03s           2025-12-07T15:55:32
/opt/airflow/dags/simple_dag.py                                     1           0  0.06s           2025-12-07T15:55:28
================================================================================
[2025-12-07T15:56:27.422+0000] {manager.py:879} INFO - 
================================================================================
DAG File Processing Stats

File Path                                  PID    Runtime      # DAGs    # Errors  Last Runtime    Last Run
-----------------------------------------  -----  ---------  --------  ----------  --------------  -------------------
/opt/airflow/dags/datatourisme_poi_dag.py                           0           1  0.03s           2025-12-07T15:56:02
/opt/airflow/dags/simple_dag.py                                     1           0  0.08s           2025-12-07T15:55:58
================================================================================
[2025-12-07T15:56:52.513+0000] {manager.py:738} INFO - Searching for files in /opt/airflow/dags
[2025-12-07T15:56:52.514+0000] {manager.py:741} INFO - There are 2 files in /opt/airflow/dags
[2025-12-07T15:56:57.539+0000] {manager.py:879} INFO - 
================================================================================
DAG File Processing Stats

File Path                                  PID    Runtime      # DAGs    # Errors  Last Runtime    Last Run
-----------------------------------------  -----  ---------  --------  ----------  --------------  -------------------
/opt/airflow/dags/datatourisme_poi_dag.py                           0           1  0.02s           2025-12-07T15:56:32
/opt/airflow/dags/simple_dag.py                                     1           0  0.05s           2025-12-07T15:56:28
================================================================================
[2025-12-07T15:57:27.642+0000] {manager.py:879} INFO - 
================================================================================
DAG File Processing Stats

File Path                                  PID    Runtime      # DAGs    # Errors  Last Runtime    Last Run
-----------------------------------------  -----  ---------  --------  ----------  --------------  -------------------
/opt/airflow/dags/datatourisme_poi_dag.py                           0           1  0.04s           2025-12-07T15:57:02
/opt/airflow/dags/simple_dag.py                                     1           0  0.05s           2025-12-07T15:56:58
================================================================================
[2025-12-07T15:57:57.763+0000] {manager.py:879} INFO - 
================================================================================
DAG File Processing Stats

File Path                                  PID    Runtime      # DAGs    # Errors  Last Runtime    Last Run
-----------------------------------------  -----  ---------  --------  ----------  --------------  -------------------
/opt/airflow/dags/datatourisme_poi_dag.py                           0           1  0.03s           2025-12-07T15:57:32
/opt/airflow/dags/simple_dag.py                                     1           0  0.07s           2025-12-07T15:57:28
================================================================================
[2025-12-07T15:58:27.880+0000] {manager.py:879} INFO - 
================================================================================
DAG File Processing Stats

File Path                                  PID    Runtime      # DAGs    # Errors  Last Runtime    Last Run
-----------------------------------------  -----  ---------  --------  ----------  --------------  -------------------
/opt/airflow/dags/datatourisme_poi_dag.py                           0           1  0.04s           2025-12-07T15:58:02
/opt/airflow/dags/simple_dag.py                                     1           0  0.07s           2025-12-07T15:57:58
================================================================================
[2025-12-07T15:58:58.022+0000] {manager.py:879} INFO - 
================================================================================
DAG File Processing Stats

File Path                                  PID    Runtime      # DAGs    # Errors  Last Runtime    Last Run
-----------------------------------------  -----  ---------  --------  ----------  --------------  -------------------
/opt/airflow/dags/datatourisme_poi_dag.py                           0           1  0.04s           2025-12-07T15:58:32
/opt/airflow/dags/simple_dag.py                                     1           0  0.04s           2025-12-07T15:58:28
================================================================================
[2025-12-07T15:59:28.129+0000] {manager.py:879} INFO - 
================================================================================
DAG File Processing Stats

File Path                                  PID    Runtime      # DAGs    # Errors  Last Runtime    Last Run
-----------------------------------------  -----  ---------  --------  ----------  --------------  -------------------
/opt/airflow/dags/datatourisme_poi_dag.py                           0           1  0.04s           2025-12-07T15:59:03
/opt/airflow/dags/simple_dag.py                                     1           0  0.07s           2025-12-07T15:58:59
================================================================================
[2025-12-07T15:59:58.268+0000] {manager.py:879} INFO - 
================================================================================
DAG File Processing Stats

File Path                                  PID    Runtime      # DAGs    # Errors  Last Runtime    Last Run
-----------------------------------------  -----  ---------  --------  ----------  --------------  -------------------
/opt/airflow/dags/datatourisme_poi_dag.py                           0           1  0.03s           2025-12-07T15:59:33
/opt/airflow/dags/simple_dag.py                                     1           0  0.04s           2025-12-07T15:59:29
================================================================================
[2025-12-07T16:00:28.375+0000] {manager.py:879} INFO - 
================================================================================
DAG File Processing Stats

File Path                                  PID    Runtime      # DAGs    # Errors  Last Runtime    Last Run
-----------------------------------------  -----  ---------  --------  ----------  --------------  -------------------
/opt/airflow/dags/datatourisme_poi_dag.py                           0           1  0.03s           2025-12-07T16:00:03
/opt/airflow/dags/simple_dag.py                                     1           0  0.05s           2025-12-07T15:59:59
================================================================================
[2025-12-07T16:00:58.475+0000] {manager.py:879} INFO - 
================================================================================
DAG File Processing Stats

File Path                                  PID    Runtime      # DAGs    # Errors  Last Runtime    Last Run
-----------------------------------------  -----  ---------  --------  ----------  --------------  -------------------
/opt/airflow/dags/datatourisme_poi_dag.py                           0           1  0.03s           2025-12-07T16:00:33
/opt/airflow/dags/simple_dag.py                                     1           0  0.04s           2025-12-07T16:00:29
================================================================================
[2025-12-07T16:01:28.583+0000] {manager.py:879} INFO - 
================================================================================
DAG File Processing Stats

File Path                                  PID    Runtime      # DAGs    # Errors  Last Runtime    Last Run
-----------------------------------------  -----  ---------  --------  ----------  --------------  -------------------
/opt/airflow/dags/datatourisme_poi_dag.py                           0           1  0.04s           2025-12-07T16:01:03
/opt/airflow/dags/simple_dag.py                                     1           0  0.05s           2025-12-07T16:00:59
================================================================================
[2025-12-07T16:01:52.681+0000] {manager.py:738} INFO - Searching for files in /opt/airflow/dags
[2025-12-07T16:01:52.682+0000] {manager.py:741} INFO - There are 2 files in /opt/airflow/dags
[2025-12-07T16:01:58.707+0000] {manager.py:879} INFO - 
================================================================================
DAG File Processing Stats

File Path                                  PID    Runtime      # DAGs    # Errors  Last Runtime    Last Run
-----------------------------------------  -----  ---------  --------  ----------  --------------  -------------------
/opt/airflow/dags/datatourisme_poi_dag.py                           0           1  0.03s           2025-12-07T16:01:33
/opt/airflow/dags/simple_dag.py                                     1           0  0.05s           2025-12-07T16:01:29
================================================================================
[2025-12-07T16:02:28.813+0000] {manager.py:879} INFO - 
================================================================================
DAG File Processing Stats

File Path                                  PID    Runtime      # DAGs    # Errors  Last Runtime    Last Run
-----------------------------------------  -----  ---------  --------  ----------  --------------  -------------------
/opt/airflow/dags/datatourisme_poi_dag.py                           0           1  0.04s           2025-12-07T16:02:03
/opt/airflow/dags/simple_dag.py                                     1           0  0.05s           2025-12-07T16:01:59
================================================================================
[2025-12-07T16:02:58.937+0000] {manager.py:879} INFO - 
================================================================================
DAG File Processing Stats

File Path                                  PID    Runtime      # DAGs    # Errors  Last Runtime    Last Run
-----------------------------------------  -----  ---------  --------  ----------  --------------  -------------------
/opt/airflow/dags/datatourisme_poi_dag.py                           0           1  0.03s           2025-12-07T16:02:33
/opt/airflow/dags/simple_dag.py                                     1           0  0.06s           2025-12-07T16:02:29
================================================================================
[2025-12-07T16:03:29.044+0000] {manager.py:879} INFO - 
================================================================================
DAG File Processing Stats

File Path                                  PID    Runtime      # DAGs    # Errors  Last Runtime    Last Run
-----------------------------------------  -----  ---------  --------  ----------  --------------  -------------------
/opt/airflow/dags/datatourisme_poi_dag.py                           0           1  0.03s           2025-12-07T16:03:03
/opt/airflow/dags/simple_dag.py                                     1           0  0.06s           2025-12-07T16:03:00
================================================================================
[2025-12-07T16:03:59.157+0000] {manager.py:879} INFO - 
================================================================================
DAG File Processing Stats

File Path                                  PID    Runtime      # DAGs    # Errors  Last Runtime    Last Run
-----------------------------------------  -----  ---------  --------  ----------  --------------  -------------------
/opt/airflow/dags/datatourisme_poi_dag.py                           0           1  0.03s           2025-12-07T16:03:34
/opt/airflow/dags/simple_dag.py                                     1           0  0.06s           2025-12-07T16:03:30
================================================================================
[2025-12-07T16:04:29.269+0000] {manager.py:879} INFO - 
================================================================================
DAG File Processing Stats

File Path                                  PID    Runtime      # DAGs    # Errors  Last Runtime    Last Run
-----------------------------------------  -----  ---------  --------  ----------  --------------  -------------------
/opt/airflow/dags/datatourisme_poi_dag.py                           0           1  0.04s           2025-12-07T16:04:04
/opt/airflow/dags/simple_dag.py                                     1           0  0.06s           2025-12-07T16:04:00
================================================================================
[2025-12-07T16:04:59.383+0000] {manager.py:879} INFO - 
================================================================================
DAG File Processing Stats

File Path                                  PID    Runtime      # DAGs    # Errors  Last Runtime    Last Run
-----------------------------------------  -----  ---------  --------  ----------  --------------  -------------------
/opt/airflow/dags/datatourisme_poi_dag.py                           0           1  0.04s           2025-12-07T16:04:34
/opt/airflow/dags/simple_dag.py                                     1           0  0.06s           2025-12-07T16:04:30
================================================================================
[2025-12-07T16:05:29.536+0000] {manager.py:879} INFO - 
================================================================================
DAG File Processing Stats

File Path                                  PID    Runtime      # DAGs    # Errors  Last Runtime    Last Run
-----------------------------------------  -----  ---------  --------  ----------  --------------  -------------------
/opt/airflow/dags/datatourisme_poi_dag.py                           0           1  0.04s           2025-12-07T16:05:04
/opt/airflow/dags/simple_dag.py                                     1           0  0.05s           2025-12-07T16:05:00
================================================================================
[2025-12-07T16:05:59.651+0000] {manager.py:879} INFO - 
================================================================================
DAG File Processing Stats

File Path                                  PID    Runtime      # DAGs    # Errors  Last Runtime    Last Run
-----------------------------------------  -----  ---------  --------  ----------  --------------  -------------------
/opt/airflow/dags/datatourisme_poi_dag.py                           0           1  0.03s           2025-12-07T16:05:34
/opt/airflow/dags/simple_dag.py                                     1           0  0.05s           2025-12-07T16:05:30
================================================================================
[2025-12-07T16:06:29.764+0000] {manager.py:879} INFO - 
================================================================================
DAG File Processing Stats

File Path                                  PID    Runtime      # DAGs    # Errors  Last Runtime    Last Run
-----------------------------------------  -----  ---------  --------  ----------  --------------  -------------------
/opt/airflow/dags/datatourisme_poi_dag.py                           0           1  0.04s           2025-12-07T16:06:04
/opt/airflow/dags/simple_dag.py                                     1           0  0.06s           2025-12-07T16:06:00
================================================================================
[2025-12-07T16:06:52.849+0000] {manager.py:738} INFO - Searching for files in /opt/airflow/dags
[2025-12-07T16:06:52.849+0000] {manager.py:741} INFO - There are 2 files in /opt/airflow/dags
[2025-12-07T16:06:59.879+0000] {manager.py:879} INFO - 
================================================================================
DAG File Processing Stats

File Path                                  PID    Runtime      # DAGs    # Errors  Last Runtime    Last Run
-----------------------------------------  -----  ---------  --------  ----------  --------------  -------------------
/opt/airflow/dags/datatourisme_poi_dag.py                           0           1  0.04s           2025-12-07T16:06:34
/opt/airflow/dags/simple_dag.py                                     1           0  0.05s           2025-12-07T16:06:30
================================================================================
[2025-12-07T16:07:30.035+0000] {manager.py:879} INFO - 
================================================================================
DAG File Processing Stats

File Path                                  PID    Runtime      # DAGs    # Errors  Last Runtime    Last Run
-----------------------------------------  -----  ---------  --------  ----------  --------------  -------------------
/opt/airflow/dags/datatourisme_poi_dag.py                           0           1  0.04s           2025-12-07T16:07:04
/opt/airflow/dags/simple_dag.py                                     1           0  0.05s           2025-12-07T16:07:00
================================================================================
[2025-12-07T16:08:00.140+0000] {manager.py:879} INFO - 
================================================================================
DAG File Processing Stats

File Path                                  PID    Runtime      # DAGs    # Errors  Last Runtime    Last Run
-----------------------------------------  -----  ---------  --------  ----------  --------------  -------------------
/opt/airflow/dags/datatourisme_poi_dag.py                           0           1  0.04s           2025-12-07T16:07:35
/opt/airflow/dags/simple_dag.py                                     1           0  0.06s           2025-12-07T16:07:31
================================================================================
[2025-12-07T16:08:30.250+0000] {manager.py:879} INFO - 
================================================================================
DAG File Processing Stats

File Path                                  PID    Runtime      # DAGs    # Errors  Last Runtime    Last Run
-----------------------------------------  -----  ---------  --------  ----------  --------------  -------------------
/opt/airflow/dags/datatourisme_poi_dag.py                           0           1  0.04s           2025-12-07T16:08:05
/opt/airflow/dags/simple_dag.py                                     1           0  0.05s           2025-12-07T16:08:01
================================================================================
[2025-12-07T16:09:00.356+0000] {manager.py:879} INFO - 
================================================================================
DAG File Processing Stats

File Path                                  PID    Runtime      # DAGs    # Errors  Last Runtime    Last Run
-----------------------------------------  -----  ---------  --------  ----------  --------------  -------------------
/opt/airflow/dags/datatourisme_poi_dag.py                           0           1  0.03s           2025-12-07T16:08:35
/opt/airflow/dags/simple_dag.py                                     1           0  0.05s           2025-12-07T16:08:31
================================================================================
[2025-12-07T16:09:30.459+0000] {manager.py:879} INFO - 
================================================================================
DAG File Processing Stats

File Path                                  PID    Runtime      # DAGs    # Errors  Last Runtime    Last Run
-----------------------------------------  -----  ---------  --------  ----------  --------------  -------------------
/opt/airflow/dags/datatourisme_poi_dag.py                           0           1  0.04s           2025-12-07T16:09:05
/opt/airflow/dags/simple_dag.py                                     1           0  0.05s           2025-12-07T16:09:01
================================================================================
[2025-12-07T16:09:35.966+0000] {manager.py:451} INFO - Exiting gracefully upon receiving signal 15
[2025-12-07T16:10:43.378+0000] {manager.py:469} INFO - Processing files using up to 2 processes at a time 
[2025-12-07T16:10:43.379+0000] {manager.py:470} INFO - Process each file at most once every 30 seconds
[2025-12-07T16:10:43.379+0000] {manager.py:471} INFO - Checking for new files in /opt/airflow/dags every 300 seconds
[2025-12-07T16:10:43.379+0000] {manager.py:738} INFO - Searching for files in /opt/airflow/dags
[2025-12-07T16:10:43.380+0000] {manager.py:741} INFO - There are 2 files in /opt/airflow/dags
[2025-12-07T16:10:43.451+0000] {manager.py:879} INFO - 
================================================================================
DAG File Processing Stats

File Path                                    PID  Runtime      # DAGs    # Errors  Last Runtime    Last Run
-----------------------------------------  -----  ---------  --------  ----------  --------------  ----------
/opt/airflow/dags/simple_dag.py               62  0.02s             0           0
/opt/airflow/dags/datatourisme_poi_dag.py     61  0.03s             0           0
================================================================================
[2025-12-07T16:11:13.562+0000] {manager.py:879} INFO - 
================================================================================
DAG File Processing Stats

File Path                                    PID  Runtime      # DAGs    # Errors  Last Runtime    Last Run
-----------------------------------------  -----  ---------  --------  ----------  --------------  -------------------
/opt/airflow/dags/datatourisme_poi_dag.py     86  0.01s             0           1  0.04s           2025-12-07T16:10:43
/opt/airflow/dags/simple_dag.py               87  0.00s             1           0  0.12s           2025-12-07T16:10:43
================================================================================
[2025-12-07T16:11:43.684+0000] {manager.py:879} INFO - 
================================================================================
DAG File Processing Stats

File Path                                    PID  Runtime      # DAGs    # Errors  Last Runtime    Last Run
-----------------------------------------  -----  ---------  --------  ----------  --------------  -------------------
/opt/airflow/dags/datatourisme_poi_dag.py    104  0.00s             0           1  0.03s           2025-12-07T16:11:13
/opt/airflow/dags/simple_dag.py                                     1           0  0.28s           2025-12-07T16:11:13
================================================================================
[2025-12-07T16:12:13.812+0000] {manager.py:879} INFO - 
================================================================================
DAG File Processing Stats

File Path                                    PID  Runtime      # DAGs    # Errors  Last Runtime    Last Run
-----------------------------------------  -----  ---------  --------  ----------  --------------  -------------------
/opt/airflow/dags/datatourisme_poi_dag.py    129  0.00s             0           1  0.03s           2025-12-07T16:11:43
/opt/airflow/dags/simple_dag.py                                     1           0  0.06s           2025-12-07T16:11:44
================================================================================
[2025-12-07T16:12:43.943+0000] {manager.py:879} INFO - 
================================================================================
DAG File Processing Stats

File Path                                    PID  Runtime      # DAGs    # Errors  Last Runtime    Last Run
-----------------------------------------  -----  ---------  --------  ----------  --------------  -------------------
/opt/airflow/dags/datatourisme_poi_dag.py    155  0.00s             0           1  0.03s           2025-12-07T16:12:13
/opt/airflow/dags/simple_dag.py                                     1           0  0.05s           2025-12-07T16:12:14
================================================================================
[2025-12-07T16:12:45.134+0000] {manager.py:451} INFO - Exiting gracefully upon receiving signal 15
[2025-12-07T16:14:52.826+0000] {manager.py:469} INFO - Processing files using up to 2 processes at a time 
[2025-12-07T16:14:52.827+0000] {manager.py:470} INFO - Process each file at most once every 30 seconds
[2025-12-07T16:14:52.827+0000] {manager.py:471} INFO - Checking for new files in /opt/airflow/dags every 300 seconds
[2025-12-07T16:14:52.827+0000] {manager.py:738} INFO - Searching for files in /opt/airflow/dags
[2025-12-07T16:14:52.828+0000] {manager.py:741} INFO - There are 2 files in /opt/airflow/dags
[2025-12-07T16:14:52.914+0000] {manager.py:879} INFO - 
================================================================================
DAG File Processing Stats

File Path                                    PID  Runtime      # DAGs    # Errors  Last Runtime    Last Run
-----------------------------------------  -----  ---------  --------  ----------  --------------  ----------
/opt/airflow/dags/simple_dag.py               62  0.02s             0           0
/opt/airflow/dags/datatourisme_poi_dag.py     61  0.03s             0           0
================================================================================
[2025-12-07T16:15:23.025+0000] {manager.py:879} INFO - 
================================================================================
DAG File Processing Stats

File Path                                    PID  Runtime      # DAGs    # Errors  Last Runtime    Last Run
-----------------------------------------  -----  ---------  --------  ----------  --------------  -------------------
/opt/airflow/dags/datatourisme_poi_dag.py     85  0.01s             0           1  0.04s           2025-12-07T16:14:52
/opt/airflow/dags/simple_dag.py               86  0.00s             1           0  0.12s           2025-12-07T16:14:53
================================================================================
[2025-12-07T16:15:53.152+0000] {manager.py:879} INFO - 
================================================================================
DAG File Processing Stats

File Path                                    PID  Runtime      # DAGs    # Errors  Last Runtime    Last Run
-----------------------------------------  -----  ---------  --------  ----------  --------------  -------------------
/opt/airflow/dags/datatourisme_poi_dag.py    103  0.00s             0           1  0.05s           2025-12-07T16:15:23
/opt/airflow/dags/simple_dag.py                                     1           0  0.32s           2025-12-07T16:15:23
================================================================================
[2025-12-07T16:16:23.273+0000] {manager.py:879} INFO - 
================================================================================
DAG File Processing Stats

File Path                                    PID  Runtime      # DAGs    # Errors  Last Runtime    Last Run
-----------------------------------------  -----  ---------  --------  ----------  --------------  -------------------
/opt/airflow/dags/datatourisme_poi_dag.py    129  0.00s             0           1  0.03s           2025-12-07T16:15:53
/opt/airflow/dags/simple_dag.py                                     1           0  0.05s           2025-12-07T16:15:54
================================================================================
[2025-12-07T16:16:53.399+0000] {manager.py:879} INFO - 
================================================================================
DAG File Processing Stats

File Path                                    PID  Runtime      # DAGs    # Errors  Last Runtime    Last Run
-----------------------------------------  -----  ---------  --------  ----------  --------------  -------------------
/opt/airflow/dags/datatourisme_poi_dag.py    155  0.00s             0           1  0.03s           2025-12-07T16:16:23
/opt/airflow/dags/simple_dag.py                                     1           0  0.06s           2025-12-07T16:16:24
================================================================================
[2025-12-07T16:17:23.539+0000] {manager.py:879} INFO - 
================================================================================
DAG File Processing Stats

File Path                                    PID  Runtime      # DAGs    # Errors  Last Runtime    Last Run
-----------------------------------------  -----  ---------  --------  ----------  --------------  -------------------
/opt/airflow/dags/datatourisme_poi_dag.py    173  0.00s             0           1  0.04s           2025-12-07T16:16:53
/opt/airflow/dags/simple_dag.py                                     1           0  0.04s           2025-12-07T16:16:54
================================================================================
[2025-12-07T16:17:53.667+0000] {manager.py:879} INFO - 
================================================================================
DAG File Processing Stats

File Path                                    PID  Runtime      # DAGs    # Errors  Last Runtime    Last Run
-----------------------------------------  -----  ---------  --------  ----------  --------------  -------------------
/opt/airflow/dags/datatourisme_poi_dag.py    199  0.00s             0           1  0.02s           2025-12-07T16:17:23
/opt/airflow/dags/simple_dag.py                                     1           0  0.05s           2025-12-07T16:17:24
================================================================================
[2025-12-07T16:18:23.803+0000] {manager.py:879} INFO - 
================================================================================
DAG File Processing Stats

File Path                                    PID  Runtime      # DAGs    # Errors  Last Runtime    Last Run
-----------------------------------------  -----  ---------  --------  ----------  --------------  -------------------
/opt/airflow/dags/datatourisme_poi_dag.py    225  0.00s             0           1  0.04s           2025-12-07T16:17:53
/opt/airflow/dags/simple_dag.py                                     1           0  0.06s           2025-12-07T16:17:54
================================================================================
[2025-12-07T16:18:53.940+0000] {manager.py:879} INFO - 
================================================================================
DAG File Processing Stats

File Path                                    PID  Runtime      # DAGs    # Errors  Last Runtime    Last Run
-----------------------------------------  -----  ---------  --------  ----------  --------------  -------------------
/opt/airflow/dags/datatourisme_poi_dag.py    251  0.00s             0           1  0.04s           2025-12-07T16:18:23
/opt/airflow/dags/simple_dag.py                                     1           0  0.06s           2025-12-07T16:18:24
================================================================================
[2025-12-07T16:19:24.081+0000] {manager.py:879} INFO - 
================================================================================
DAG File Processing Stats

File Path                                    PID  Runtime      # DAGs    # Errors  Last Runtime    Last Run
-----------------------------------------  -----  ---------  --------  ----------  --------------  -------------------
/opt/airflow/dags/datatourisme_poi_dag.py    268  0.00s             0           1  0.04s           2025-12-07T16:18:53
/opt/airflow/dags/simple_dag.py                                     1           0  0.06s           2025-12-07T16:18:55
================================================================================
[2025-12-07T16:19:53.199+0000] {manager.py:738} INFO - Searching for files in /opt/airflow/dags
[2025-12-07T16:19:53.199+0000] {manager.py:741} INFO - There are 2 files in /opt/airflow/dags
[2025-12-07T16:19:54.213+0000] {manager.py:879} INFO - 
================================================================================
DAG File Processing Stats

File Path                                    PID  Runtime      # DAGs    # Errors  Last Runtime    Last Run
-----------------------------------------  -----  ---------  --------  ----------  --------------  -------------------
/opt/airflow/dags/datatourisme_poi_dag.py    293  0.00s             0           1  0.02s           2025-12-07T16:19:24
/opt/airflow/dags/simple_dag.py                                     1           0  0.05s           2025-12-07T16:19:25
================================================================================
[2025-12-07T16:20:24.348+0000] {manager.py:879} INFO - 
================================================================================
DAG File Processing Stats

File Path                                    PID  Runtime      # DAGs    # Errors  Last Runtime    Last Run
-----------------------------------------  -----  ---------  --------  ----------  --------------  -------------------
/opt/airflow/dags/datatourisme_poi_dag.py    319  0.00s             0           1  0.04s           2025-12-07T16:19:54
/opt/airflow/dags/simple_dag.py                                     1           0  0.07s           2025-12-07T16:19:55
================================================================================
[2025-12-07T16:20:54.482+0000] {manager.py:879} INFO - 
================================================================================
DAG File Processing Stats

File Path                                    PID  Runtime      # DAGs    # Errors  Last Runtime    Last Run
-----------------------------------------  -----  ---------  --------  ----------  --------------  -------------------
/opt/airflow/dags/datatourisme_poi_dag.py    337  0.00s             0           1  0.04s           2025-12-07T16:20:24
/opt/airflow/dags/simple_dag.py                                     1           0  0.05s           2025-12-07T16:20:25
================================================================================
[2025-12-07T16:21:24.618+0000] {manager.py:879} INFO - 
================================================================================
DAG File Processing Stats

File Path                                    PID  Runtime      # DAGs    # Errors  Last Runtime    Last Run
-----------------------------------------  -----  ---------  --------  ----------  --------------  -------------------
/opt/airflow/dags/datatourisme_poi_dag.py    363  0.00s             0           1  0.04s           2025-12-07T16:20:54
/opt/airflow/dags/simple_dag.py                                     1           0  0.05s           2025-12-07T16:20:55
================================================================================
[2025-12-07T16:21:54.742+0000] {manager.py:879} INFO - 
================================================================================
DAG File Processing Stats

File Path                                    PID  Runtime      # DAGs    # Errors  Last Runtime    Last Run
-----------------------------------------  -----  ---------  --------  ----------  --------------  -------------------
/opt/airflow/dags/datatourisme_poi_dag.py    388  0.00s             0           1  0.03s           2025-12-07T16:21:24
/opt/airflow/dags/simple_dag.py                                     1           0  0.05s           2025-12-07T16:21:25
================================================================================
[2025-12-07T16:22:24.859+0000] {manager.py:879} INFO - 
================================================================================
DAG File Processing Stats

File Path                                    PID  Runtime      # DAGs    # Errors  Last Runtime    Last Run
-----------------------------------------  -----  ---------  --------  ----------  --------------  -------------------
/opt/airflow/dags/datatourisme_poi_dag.py    414  0.00s             0           1  0.03s           2025-12-07T16:21:54
/opt/airflow/dags/simple_dag.py                                     1           0  0.04s           2025-12-07T16:21:55
================================================================================
[2025-12-07T16:22:55.001+0000] {manager.py:879} INFO - 
================================================================================
DAG File Processing Stats

File Path                                    PID  Runtime      # DAGs    # Errors  Last Runtime    Last Run
-----------------------------------------  -----  ---------  --------  ----------  --------------  -------------------
/opt/airflow/dags/datatourisme_poi_dag.py    432  0.00s             0           1  0.04s           2025-12-07T16:22:24
/opt/airflow/dags/simple_dag.py                                     1           0  0.06s           2025-12-07T16:22:25
================================================================================
[2025-12-07T16:23:25.140+0000] {manager.py:879} INFO - 
================================================================================
DAG File Processing Stats

File Path                                    PID  Runtime      # DAGs    # Errors  Last Runtime    Last Run
-----------------------------------------  -----  ---------  --------  ----------  --------------  -------------------
/opt/airflow/dags/datatourisme_poi_dag.py    457  0.00s             0           1  0.04s           2025-12-07T16:22:55
/opt/airflow/dags/simple_dag.py                                     1           0  0.06s           2025-12-07T16:22:56
================================================================================
[2025-12-07T16:23:55.281+0000] {manager.py:879} INFO - 
================================================================================
DAG File Processing Stats

File Path                                    PID  Runtime      # DAGs    # Errors  Last Runtime    Last Run
-----------------------------------------  -----  ---------  --------  ----------  --------------  -------------------
/opt/airflow/dags/datatourisme_poi_dag.py    482  0.00s             0           1  0.04s           2025-12-07T16:23:25
/opt/airflow/dags/simple_dag.py                                     1           0  0.06s           2025-12-07T16:23:26
================================================================================
[2025-12-07T16:24:25.407+0000] {manager.py:879} INFO - 
================================================================================
DAG File Processing Stats

File Path                                    PID  Runtime      # DAGs    # Errors  Last Runtime    Last Run
-----------------------------------------  -----  ---------  --------  ----------  --------------  -------------------
/opt/airflow/dags/datatourisme_poi_dag.py    507  0.00s             0           1  0.03s           2025-12-07T16:23:55
/opt/airflow/dags/simple_dag.py                                     1           0  0.06s           2025-12-07T16:23:56
================================================================================
[2025-12-07T16:24:53.537+0000] {manager.py:738} INFO - Searching for files in /opt/airflow/dags
[2025-12-07T16:24:53.538+0000] {manager.py:741} INFO - There are 2 files in /opt/airflow/dags
[2025-12-07T16:24:55.553+0000] {manager.py:879} INFO - 
================================================================================
DAG File Processing Stats

File Path                                    PID  Runtime      # DAGs    # Errors  Last Runtime    Last Run
-----------------------------------------  -----  ---------  --------  ----------  --------------  -------------------
/opt/airflow/dags/datatourisme_poi_dag.py    525  0.00s             0           1  0.04s           2025-12-07T16:24:25
/opt/airflow/dags/simple_dag.py                                     1           0  0.05s           2025-12-07T16:24:26
================================================================================
[2025-12-07T16:25:25.695+0000] {manager.py:879} INFO - 
================================================================================
DAG File Processing Stats

File Path                                    PID  Runtime      # DAGs    # Errors  Last Runtime    Last Run
-----------------------------------------  -----  ---------  --------  ----------  --------------  -------------------
/opt/airflow/dags/datatourisme_poi_dag.py    550  0.00s             0           1  0.04s           2025-12-07T16:24:55
/opt/airflow/dags/simple_dag.py                                     1           0  0.05s           2025-12-07T16:24:56
================================================================================
[2025-12-07T16:25:55.840+0000] {manager.py:879} INFO - 
================================================================================
DAG File Processing Stats

File Path                                    PID  Runtime      # DAGs    # Errors  Last Runtime    Last Run
-----------------------------------------  -----  ---------  --------  ----------  --------------  -------------------
/opt/airflow/dags/datatourisme_poi_dag.py    576  0.00s             0           1  0.04s           2025-12-07T16:25:25
/opt/airflow/dags/simple_dag.py                                     1           0  0.05s           2025-12-07T16:25:26
================================================================================
[2025-12-07T16:26:25.967+0000] {manager.py:879} INFO - 
================================================================================
DAG File Processing Stats

File Path                                    PID  Runtime      # DAGs    # Errors  Last Runtime    Last Run
-----------------------------------------  -----  ---------  --------  ----------  --------------  -------------------
/opt/airflow/dags/datatourisme_poi_dag.py    593  0.00s             0           1  0.03s           2025-12-07T16:25:55
/opt/airflow/dags/simple_dag.py                                     1           0  0.05s           2025-12-07T16:25:56
================================================================================
[2025-12-07T16:26:56.099+0000] {manager.py:879} INFO - 
================================================================================
DAG File Processing Stats

File Path                                    PID  Runtime      # DAGs    # Errors  Last Runtime    Last Run
-----------------------------------------  -----  ---------  --------  ----------  --------------  -------------------
/opt/airflow/dags/datatourisme_poi_dag.py    618  0.00s             0           1  0.04s           2025-12-07T16:26:26
/opt/airflow/dags/simple_dag.py                                     1           0  0.06s           2025-12-07T16:26:27
================================================================================
[2025-12-07T16:27:26.227+0000] {manager.py:879} INFO - 
================================================================================
DAG File Processing Stats

File Path                                    PID  Runtime      # DAGs    # Errors  Last Runtime    Last Run
-----------------------------------------  -----  ---------  --------  ----------  --------------  -------------------
/opt/airflow/dags/datatourisme_poi_dag.py    644  0.00s             0           1  0.03s           2025-12-07T16:26:56
/opt/airflow/dags/simple_dag.py                                     1           0  0.06s           2025-12-07T16:26:57
================================================================================
[2025-12-07T16:27:30.979+0000] {manager.py:451} INFO - Exiting gracefully upon receiving signal 15
[2025-12-07T16:28:31.419+0000] {manager.py:469} INFO - Processing files using up to 2 processes at a time 
[2025-12-07T16:28:31.419+0000] {manager.py:470} INFO - Process each file at most once every 30 seconds
[2025-12-07T16:28:31.419+0000] {manager.py:471} INFO - Checking for new files in /opt/airflow/dags every 300 seconds
[2025-12-07T16:28:31.419+0000] {manager.py:738} INFO - Searching for files in /opt/airflow/dags
[2025-12-07T16:28:31.422+0000] {manager.py:741} INFO - There are 2 files in /opt/airflow/dags
[2025-12-07T16:28:31.521+0000] {manager.py:879} INFO - 
================================================================================
DAG File Processing Stats

File Path                                    PID  Runtime      # DAGs    # Errors  Last Runtime    Last Run
-----------------------------------------  -----  ---------  --------  ----------  --------------  ----------
/opt/airflow/dags/simple_dag.py               62  0.03s             0           0
/opt/airflow/dags/datatourisme_poi_dag.py     61  0.04s             0           0
================================================================================
[2025-12-07T16:29:01.575+0000] {manager.py:879} INFO - 
================================================================================
DAG File Processing Stats

File Path                                  PID    Runtime      # DAGs    # Errors  Last Runtime    Last Run
-----------------------------------------  -----  ---------  --------  ----------  --------------  -------------------
/opt/airflow/dags/datatourisme_poi_dag.py                           0           1  1.01s           2025-12-07T16:28:32
/opt/airflow/dags/simple_dag.py                                     1           0  0.18s           2025-12-07T16:28:31
================================================================================
[2025-12-07T16:29:31.835+0000] {manager.py:879} INFO - 
================================================================================
DAG File Processing Stats

File Path                                  PID    Runtime      # DAGs    # Errors  Last Runtime    Last Run
-----------------------------------------  -----  ---------  --------  ----------  --------------  -------------------
/opt/airflow/dags/datatourisme_poi_dag.py                           0           1  0.16s           2025-12-07T16:29:02
/opt/airflow/dags/simple_dag.py                                     1           0  0.27s           2025-12-07T16:29:02
================================================================================
[2025-12-07T16:30:01.977+0000] {manager.py:879} INFO - 
================================================================================
DAG File Processing Stats

File Path                                  PID    Runtime      # DAGs    # Errors  Last Runtime    Last Run
-----------------------------------------  -----  ---------  --------  ----------  --------------  -------------------
/opt/airflow/dags/datatourisme_poi_dag.py                           0           1  0.22s           2025-12-07T16:29:34
/opt/airflow/dags/simple_dag.py                                     1           0  0.05s           2025-12-07T16:29:32
================================================================================
[2025-12-07T16:30:32.125+0000] {manager.py:879} INFO - 
================================================================================
DAG File Processing Stats

File Path                                  PID    Runtime      # DAGs    # Errors  Last Runtime    Last Run
-----------------------------------------  -----  ---------  --------  ----------  --------------  -------------------
/opt/airflow/dags/datatourisme_poi_dag.py                           0           1  0.21s           2025-12-07T16:30:05
/opt/airflow/dags/simple_dag.py                                     1           0  0.05s           2025-12-07T16:30:03
================================================================================
[2025-12-07T16:31:02.288+0000] {manager.py:879} INFO - 
================================================================================
DAG File Processing Stats

File Path                                  PID    Runtime      # DAGs    # Errors  Last Runtime    Last Run
-----------------------------------------  -----  ---------  --------  ----------  --------------  -------------------
/opt/airflow/dags/datatourisme_poi_dag.py                           0           1  0.15s           2025-12-07T16:30:36
/opt/airflow/dags/simple_dag.py                                     1           0  0.06s           2025-12-07T16:30:33
================================================================================
[2025-12-07T16:31:32.447+0000] {manager.py:879} INFO - 
================================================================================
DAG File Processing Stats

File Path                                  PID    Runtime      # DAGs    # Errors  Last Runtime    Last Run
-----------------------------------------  -----  ---------  --------  ----------  --------------  -------------------
/opt/airflow/dags/datatourisme_poi_dag.py                           0           1  0.17s           2025-12-07T16:31:06
/opt/airflow/dags/simple_dag.py                                     1           0  0.06s           2025-12-07T16:31:03
================================================================================
[2025-12-07T16:32:02.617+0000] {manager.py:879} INFO - 
================================================================================
DAG File Processing Stats

File Path                                  PID    Runtime      # DAGs    # Errors  Last Runtime    Last Run
-----------------------------------------  -----  ---------  --------  ----------  --------------  -------------------
/opt/airflow/dags/datatourisme_poi_dag.py                           0           1  0.31s           2025-12-07T16:31:36
/opt/airflow/dags/simple_dag.py                                     1           0  0.06s           2025-12-07T16:31:33
================================================================================
[2025-12-07T16:32:32.794+0000] {manager.py:879} INFO - 
================================================================================
DAG File Processing Stats

File Path                                  PID    Runtime      # DAGs    # Errors  Last Runtime    Last Run
-----------------------------------------  -----  ---------  --------  ----------  --------------  -------------------
/opt/airflow/dags/datatourisme_poi_dag.py                           0           1  0.25s           2025-12-07T16:32:07
/opt/airflow/dags/simple_dag.py                                     1           0  0.08s           2025-12-07T16:32:03
================================================================================
[2025-12-07T16:33:02.980+0000] {manager.py:879} INFO - 
================================================================================
DAG File Processing Stats

File Path                                  PID    Runtime      # DAGs    # Errors  Last Runtime    Last Run
-----------------------------------------  -----  ---------  --------  ----------  --------------  -------------------
/opt/airflow/dags/datatourisme_poi_dag.py                           0           1  0.26s           2025-12-07T16:32:38
/opt/airflow/dags/simple_dag.py                                     1           0  0.09s           2025-12-07T16:32:33
================================================================================
[2025-12-07T16:33:32.151+0000] {manager.py:738} INFO - Searching for files in /opt/airflow/dags
[2025-12-07T16:33:32.153+0000] {manager.py:741} INFO - There are 2 files in /opt/airflow/dags
[2025-12-07T16:33:33.166+0000] {manager.py:879} INFO - 
================================================================================
DAG File Processing Stats

File Path                                  PID    Runtime      # DAGs    # Errors  Last Runtime    Last Run
-----------------------------------------  -----  ---------  --------  ----------  --------------  -------------------
/opt/airflow/dags/datatourisme_poi_dag.py                           0           1  0.28s           2025-12-07T16:33:09
/opt/airflow/dags/simple_dag.py                                     1           0  0.07s           2025-12-07T16:33:04
================================================================================
[2025-12-07T16:34:03.345+0000] {manager.py:879} INFO - 
================================================================================
DAG File Processing Stats

File Path                                  PID    Runtime      # DAGs    # Errors  Last Runtime    Last Run
-----------------------------------------  -----  ---------  --------  ----------  --------------  -------------------
/opt/airflow/dags/datatourisme_poi_dag.py                           0           1  0.26s           2025-12-07T16:33:40
/opt/airflow/dags/simple_dag.py                                     1           0  0.08s           2025-12-07T16:33:34
================================================================================
[2025-12-07T16:34:33.512+0000] {manager.py:879} INFO - 
================================================================================
DAG File Processing Stats

File Path                                  PID    Runtime      # DAGs    # Errors  Last Runtime    Last Run
-----------------------------------------  -----  ---------  --------  ----------  --------------  -------------------
/opt/airflow/dags/datatourisme_poi_dag.py                           0           1  0.24s           2025-12-07T16:34:11
/opt/airflow/dags/simple_dag.py                                     1           0  0.07s           2025-12-07T16:34:04
================================================================================
[2025-12-07T16:35:03.711+0000] {manager.py:879} INFO - 
================================================================================
DAG File Processing Stats

File Path                                  PID    Runtime      # DAGs    # Errors  Last Runtime    Last Run
-----------------------------------------  -----  ---------  --------  ----------  --------------  -------------------
/opt/airflow/dags/datatourisme_poi_dag.py                           0           1  0.35s           2025-12-07T16:34:41
/opt/airflow/dags/simple_dag.py                                     1           0  0.10s           2025-12-07T16:34:34
================================================================================
[2025-12-07T16:35:33.897+0000] {manager.py:879} INFO - 
================================================================================
DAG File Processing Stats

File Path                                  PID    Runtime      # DAGs    # Errors  Last Runtime    Last Run
-----------------------------------------  -----  ---------  --------  ----------  --------------  -------------------
/opt/airflow/dags/datatourisme_poi_dag.py                           0           1  0.34s           2025-12-07T16:35:13
/opt/airflow/dags/simple_dag.py                                     1           0  0.08s           2025-12-07T16:35:04
================================================================================
[2025-12-07T16:36:04.086+0000] {manager.py:879} INFO - 
================================================================================
DAG File Processing Stats

File Path                                  PID    Runtime      # DAGs    # Errors  Last Runtime    Last Run
-----------------------------------------  -----  ---------  --------  ----------  --------------  -------------------
/opt/airflow/dags/datatourisme_poi_dag.py                           0           1  0.24s           2025-12-07T16:35:44
/opt/airflow/dags/simple_dag.py                                     1           0  0.09s           2025-12-07T16:35:34
================================================================================
[2025-12-07T16:36:34.245+0000] {manager.py:879} INFO - 
================================================================================
DAG File Processing Stats

File Path                                  PID    Runtime      # DAGs    # Errors  Last Runtime    Last Run
-----------------------------------------  -----  ---------  --------  ----------  --------------  -------------------
/opt/airflow/dags/datatourisme_poi_dag.py                           0           1  0.21s           2025-12-07T16:36:14
/opt/airflow/dags/simple_dag.py                                     1           0  0.07s           2025-12-07T16:36:05
================================================================================
[2025-12-07T16:37:04.412+0000] {manager.py:879} INFO - 
================================================================================
DAG File Processing Stats

File Path                                  PID    Runtime      # DAGs    # Errors  Last Runtime    Last Run
-----------------------------------------  -----  ---------  --------  ----------  --------------  -------------------
/opt/airflow/dags/datatourisme_poi_dag.py                           0           1  0.21s           2025-12-07T16:36:45
/opt/airflow/dags/simple_dag.py                                     1           0  0.07s           2025-12-07T16:36:35
================================================================================
[2025-12-07T16:37:34.580+0000] {manager.py:879} INFO - 
================================================================================
DAG File Processing Stats

File Path                                  PID    Runtime      # DAGs    # Errors  Last Runtime    Last Run
-----------------------------------------  -----  ---------  --------  ----------  --------------  -------------------
/opt/airflow/dags/datatourisme_poi_dag.py                           0           1  0.20s           2025-12-07T16:37:15
/opt/airflow/dags/simple_dag.py                                     1           0  0.07s           2025-12-07T16:37:05
================================================================================
[2025-12-07T16:38:04.753+0000] {manager.py:879} INFO - 
================================================================================
DAG File Processing Stats

File Path                                  PID    Runtime      # DAGs    # Errors  Last Runtime    Last Run
-----------------------------------------  -----  ---------  --------  ----------  --------------  -------------------
/opt/airflow/dags/datatourisme_poi_dag.py                           0           1  0.33s           2025-12-07T16:37:46
/opt/airflow/dags/simple_dag.py                                     1           0  0.07s           2025-12-07T16:37:35
================================================================================
[2025-12-07T16:38:32.159+0000] {manager.py:738} INFO - Searching for files in /opt/airflow/dags
[2025-12-07T16:38:32.161+0000] {manager.py:741} INFO - There are 2 files in /opt/airflow/dags
[2025-12-07T16:38:34.921+0000] {manager.py:879} INFO - 
================================================================================
DAG File Processing Stats

File Path                                  PID    Runtime      # DAGs    # Errors  Last Runtime    Last Run
-----------------------------------------  -----  ---------  --------  ----------  --------------  -------------------
/opt/airflow/dags/datatourisme_poi_dag.py                           0           1  0.32s           2025-12-07T16:38:18
/opt/airflow/dags/simple_dag.py                                     1           0  0.07s           2025-12-07T16:38:05
================================================================================
[2025-12-07T16:39:05.076+0000] {manager.py:879} INFO - 
================================================================================
DAG File Processing Stats

File Path                                  PID    Runtime      # DAGs    # Errors  Last Runtime    Last Run
-----------------------------------------  -----  ---------  --------  ----------  --------------  -------------------
/opt/airflow/dags/datatourisme_poi_dag.py                           0           1  0.26s           2025-12-07T16:38:49
/opt/airflow/dags/simple_dag.py                                     1           0  0.07s           2025-12-07T16:38:35
================================================================================
[2025-12-07T16:39:35.220+0000] {manager.py:879} INFO - 
================================================================================
DAG File Processing Stats

File Path                                  PID    Runtime      # DAGs    # Errors  Last Runtime    Last Run
-----------------------------------------  -----  ---------  --------  ----------  --------------  -------------------
/opt/airflow/dags/datatourisme_poi_dag.py                           0           1  0.26s           2025-12-07T16:39:20
/opt/airflow/dags/simple_dag.py                                     1           0  0.06s           2025-12-07T16:39:06
================================================================================
[2025-12-07T16:40:05.360+0000] {manager.py:879} INFO - 
================================================================================
DAG File Processing Stats

File Path                                  PID    Runtime      # DAGs    # Errors  Last Runtime    Last Run
-----------------------------------------  -----  ---------  --------  ----------  --------------  -------------------
/opt/airflow/dags/datatourisme_poi_dag.py                           0           1  0.20s           2025-12-07T16:39:51
/opt/airflow/dags/simple_dag.py                                     1           0  0.05s           2025-12-07T16:39:36
================================================================================
[2025-12-07T16:40:35.508+0000] {manager.py:879} INFO - 
================================================================================
DAG File Processing Stats

File Path                                  PID    Runtime      # DAGs    # Errors  Last Runtime    Last Run
-----------------------------------------  -----  ---------  --------  ----------  --------------  -------------------
/opt/airflow/dags/datatourisme_poi_dag.py                           0           1  0.29s           2025-12-07T16:40:22
/opt/airflow/dags/simple_dag.py                                     1           0  0.06s           2025-12-07T16:40:06
================================================================================
[2025-12-07T16:41:05.649+0000] {manager.py:879} INFO - 
================================================================================
DAG File Processing Stats

File Path                                  PID    Runtime      # DAGs    # Errors  Last Runtime    Last Run
-----------------------------------------  -----  ---------  --------  ----------  --------------  -------------------
/opt/airflow/dags/datatourisme_poi_dag.py                           0           1  0.24s           2025-12-07T16:40:53
/opt/airflow/dags/simple_dag.py                                     1           0  0.06s           2025-12-07T16:40:36
================================================================================
[2025-12-07T16:41:35.793+0000] {manager.py:879} INFO - 
================================================================================
DAG File Processing Stats

File Path                                  PID    Runtime      # DAGs    # Errors  Last Runtime    Last Run
-----------------------------------------  -----  ---------  --------  ----------  --------------  -------------------
/opt/airflow/dags/datatourisme_poi_dag.py                           0           1  0.24s           2025-12-07T16:41:24
/opt/airflow/dags/simple_dag.py                                     1           0  0.06s           2025-12-07T16:41:06
================================================================================
[2025-12-07T16:42:05.934+0000] {manager.py:879} INFO - 
================================================================================
DAG File Processing Stats

File Path                                  PID    Runtime      # DAGs    # Errors  Last Runtime    Last Run
-----------------------------------------  -----  ---------  --------  ----------  --------------  -------------------
/opt/airflow/dags/datatourisme_poi_dag.py                           0           1  0.23s           2025-12-07T16:41:56
/opt/airflow/dags/simple_dag.py                                     1           0  0.06s           2025-12-07T16:41:36
================================================================================
[2025-12-07T16:42:36.089+0000] {manager.py:879} INFO - 
================================================================================
DAG File Processing Stats

File Path                                  PID    Runtime      # DAGs    # Errors  Last Runtime    Last Run
-----------------------------------------  -----  ---------  --------  ----------  --------------  -------------------
/opt/airflow/dags/datatourisme_poi_dag.py                           0           1  0.26s           2025-12-07T16:42:27
/opt/airflow/dags/simple_dag.py                                     1           0  0.07s           2025-12-07T16:42:07
================================================================================
[2025-12-07T16:43:06.249+0000] {manager.py:879} INFO - 
================================================================================
DAG File Processing Stats

File Path                                  PID    Runtime      # DAGs    # Errors  Last Runtime    Last Run
-----------------------------------------  -----  ---------  --------  ----------  --------------  -------------------
/opt/airflow/dags/datatourisme_poi_dag.py                           0           1  0.20s           2025-12-07T16:42:58
/opt/airflow/dags/simple_dag.py                                     1           0  0.07s           2025-12-07T16:42:37
================================================================================
[2025-12-07T16:43:32.406+0000] {manager.py:738} INFO - Searching for files in /opt/airflow/dags
[2025-12-07T16:43:32.408+0000] {manager.py:741} INFO - There are 2 files in /opt/airflow/dags
[2025-12-07T16:43:36.434+0000] {manager.py:879} INFO - 
================================================================================
DAG File Processing Stats

File Path                                  PID    Runtime      # DAGs    # Errors  Last Runtime    Last Run
-----------------------------------------  -----  ---------  --------  ----------  --------------  -------------------
/opt/airflow/dags/datatourisme_poi_dag.py                           0           1  0.30s           2025-12-07T16:43:28
/opt/airflow/dags/simple_dag.py                                     1           0  0.08s           2025-12-07T16:43:07
================================================================================
[2025-12-07T16:44:06.565+0000] {manager.py:879} INFO - 
================================================================================
DAG File Processing Stats

File Path                                  PID    Runtime      # DAGs    # Errors  Last Runtime    Last Run
-----------------------------------------  -----  ---------  --------  ----------  --------------  -------------------
/opt/airflow/dags/datatourisme_poi_dag.py                           0           1  0.27s           2025-12-07T16:43:59
/opt/airflow/dags/simple_dag.py                                     1           0  0.05s           2025-12-07T16:43:37
================================================================================
[2025-12-07T16:44:36.713+0000] {manager.py:879} INFO - 
================================================================================
DAG File Processing Stats

File Path                                  PID    Runtime      # DAGs    # Errors  Last Runtime    Last Run
-----------------------------------------  -----  ---------  --------  ----------  --------------  -------------------
/opt/airflow/dags/datatourisme_poi_dag.py                           0           1  0.28s           2025-12-07T16:44:30
/opt/airflow/dags/simple_dag.py                                     1           0  0.07s           2025-12-07T16:44:07
================================================================================
[2025-12-07T16:45:06.862+0000] {manager.py:879} INFO - 
================================================================================
DAG File Processing Stats

File Path                                  PID    Runtime      # DAGs    # Errors  Last Runtime    Last Run
-----------------------------------------  -----  ---------  --------  ----------  --------------  -------------------
/opt/airflow/dags/datatourisme_poi_dag.py                           0           1  0.21s           2025-12-07T16:45:01
/opt/airflow/dags/simple_dag.py                                     1           0  0.07s           2025-12-07T16:44:37
================================================================================
[2025-12-07T16:45:37.028+0000] {manager.py:879} INFO - 
================================================================================
DAG File Processing Stats

File Path                                  PID    Runtime      # DAGs    # Errors  Last Runtime    Last Run
-----------------------------------------  -----  ---------  --------  ----------  --------------  -------------------
/opt/airflow/dags/datatourisme_poi_dag.py                           0           1  0.20s           2025-12-07T16:45:32
/opt/airflow/dags/simple_dag.py                                     1           0  0.08s           2025-12-07T16:45:07
================================================================================
[2025-12-07T16:46:07.174+0000] {manager.py:879} INFO - 
================================================================================
DAG File Processing Stats

File Path                                  PID    Runtime      # DAGs    # Errors  Last Runtime    Last Run
-----------------------------------------  -----  ---------  --------  ----------  --------------  -------------------
/opt/airflow/dags/datatourisme_poi_dag.py                           0           1  0.32s           2025-12-07T16:46:03
/opt/airflow/dags/simple_dag.py                                     1           0  0.07s           2025-12-07T16:45:38
================================================================================
[2025-12-07T16:46:37.307+0000] {manager.py:879} INFO - 
================================================================================
DAG File Processing Stats

File Path                                  PID    Runtime      # DAGs    # Errors  Last Runtime    Last Run
-----------------------------------------  -----  ---------  --------  ----------  --------------  -------------------
/opt/airflow/dags/datatourisme_poi_dag.py                           0           1  0.31s           2025-12-07T16:46:34
/opt/airflow/dags/simple_dag.py                                     1           0  0.05s           2025-12-07T16:46:08
================================================================================
[2025-12-07T16:47:07.480+0000] {manager.py:879} INFO - 
================================================================================
DAG File Processing Stats

File Path                                  PID    Runtime      # DAGs    # Errors  Last Runtime    Last Run
-----------------------------------------  -----  ---------  --------  ----------  --------------  -------------------
/opt/airflow/dags/datatourisme_poi_dag.py                           0           1  0.27s           2025-12-07T16:47:05
/opt/airflow/dags/simple_dag.py                                     1           0  0.09s           2025-12-07T16:46:38
================================================================================
[2025-12-07T16:47:37.629+0000] {manager.py:879} INFO - 
================================================================================
DAG File Processing Stats

File Path                                  PID    Runtime      # DAGs    # Errors  Last Runtime    Last Run
-----------------------------------------  -----  ---------  --------  ----------  --------------  -------------------
/opt/airflow/dags/datatourisme_poi_dag.py                           0           1  0.22s           2025-12-07T16:47:36
/opt/airflow/dags/simple_dag.py                                     1           0  0.07s           2025-12-07T16:47:08
================================================================================
[2025-12-07T16:48:07.738+0000] {manager.py:879} INFO - 
================================================================================
DAG File Processing Stats

File Path                                    PID  Runtime      # DAGs    # Errors  Last Runtime    Last Run
-----------------------------------------  -----  ---------  --------  ----------  --------------  -------------------
/opt/airflow/dags/datatourisme_poi_dag.py    977  0.00s             0           1  0.22s           2025-12-07T16:47:36
/opt/airflow/dags/simple_dag.py                                     1           0  0.07s           2025-12-07T16:47:38
================================================================================
[2025-12-07T16:48:32.858+0000] {manager.py:738} INFO - Searching for files in /opt/airflow/dags
[2025-12-07T16:48:32.861+0000] {manager.py:741} INFO - There are 2 files in /opt/airflow/dags
[2025-12-07T16:48:37.890+0000] {manager.py:879} INFO - 
================================================================================
DAG File Processing Stats

File Path                                  PID    Runtime      # DAGs    # Errors  Last Runtime    Last Run
-----------------------------------------  -----  ---------  --------  ----------  --------------  -------------------
/opt/airflow/dags/datatourisme_poi_dag.py                           0           1  0.21s           2025-12-07T16:48:07
/opt/airflow/dags/simple_dag.py                                     1           0  0.08s           2025-12-07T16:48:08
================================================================================
[2025-12-07T16:49:08.064+0000] {manager.py:879} INFO - 
================================================================================
DAG File Processing Stats

File Path                                  PID    Runtime      # DAGs    # Errors  Last Runtime    Last Run
-----------------------------------------  -----  ---------  --------  ----------  --------------  -------------------
/opt/airflow/dags/datatourisme_poi_dag.py                           0           1  0.24s           2025-12-07T16:48:39
/opt/airflow/dags/simple_dag.py                                     1           0  0.07s           2025-12-07T16:48:38
================================================================================
[2025-12-07T16:49:38.244+0000] {manager.py:879} INFO - 
================================================================================
DAG File Processing Stats

File Path                                  PID    Runtime      # DAGs    # Errors  Last Runtime    Last Run
-----------------------------------------  -----  ---------  --------  ----------  --------------  -------------------
/opt/airflow/dags/datatourisme_poi_dag.py                           0           1  0.32s           2025-12-07T16:49:09
/opt/airflow/dags/simple_dag.py                                     1           0  0.08s           2025-12-07T16:49:09
================================================================================
[2025-12-07T16:50:08.412+0000] {manager.py:879} INFO - 
================================================================================
DAG File Processing Stats

File Path                                  PID    Runtime      # DAGs    # Errors  Last Runtime    Last Run
-----------------------------------------  -----  ---------  --------  ----------  --------------  -------------------
/opt/airflow/dags/datatourisme_poi_dag.py                           0           1  0.35s           2025-12-07T16:49:40
/opt/airflow/dags/simple_dag.py                                     1           0  0.08s           2025-12-07T16:49:39
================================================================================
[2025-12-07T16:50:38.592+0000] {manager.py:879} INFO - 
================================================================================
DAG File Processing Stats

File Path                                  PID    Runtime      # DAGs    # Errors  Last Runtime    Last Run
-----------------------------------------  -----  ---------  --------  ----------  --------------  -------------------
/opt/airflow/dags/datatourisme_poi_dag.py                           0           1  0.30s           2025-12-07T16:50:11
/opt/airflow/dags/simple_dag.py                                     1           0  0.08s           2025-12-07T16:50:09
================================================================================
[2025-12-07T16:51:08.764+0000] {manager.py:879} INFO - 
================================================================================
DAG File Processing Stats

File Path                                  PID    Runtime      # DAGs    # Errors  Last Runtime    Last Run
-----------------------------------------  -----  ---------  --------  ----------  --------------  -------------------
/opt/airflow/dags/datatourisme_poi_dag.py                           0           1  0.20s           2025-12-07T16:50:42
/opt/airflow/dags/simple_dag.py                                     1           0  0.07s           2025-12-07T16:50:39
================================================================================
[2025-12-07T16:51:38.958+0000] {manager.py:879} INFO - 
================================================================================
DAG File Processing Stats

File Path                                  PID    Runtime      # DAGs    # Errors  Last Runtime    Last Run
-----------------------------------------  -----  ---------  --------  ----------  --------------  -------------------
/opt/airflow/dags/datatourisme_poi_dag.py                           0           1  0.21s           2025-12-07T16:51:13
/opt/airflow/dags/simple_dag.py                                     1           0  0.09s           2025-12-07T16:51:09
================================================================================
[2025-12-07T16:52:09.135+0000] {manager.py:879} INFO - 
================================================================================
DAG File Processing Stats

File Path                                  PID    Runtime      # DAGs    # Errors  Last Runtime    Last Run
-----------------------------------------  -----  ---------  --------  ----------  --------------  -------------------
/opt/airflow/dags/datatourisme_poi_dag.py                           0           1  0.33s           2025-12-07T16:51:44
/opt/airflow/dags/simple_dag.py                                     1           0  0.08s           2025-12-07T16:51:40
================================================================================
[2025-12-07T16:52:39.311+0000] {manager.py:879} INFO - 
================================================================================
DAG File Processing Stats

File Path                                  PID    Runtime      # DAGs    # Errors  Last Runtime    Last Run
-----------------------------------------  -----  ---------  --------  ----------  --------------  -------------------
/opt/airflow/dags/datatourisme_poi_dag.py                           0           1  0.33s           2025-12-07T16:52:15
/opt/airflow/dags/simple_dag.py                                     1           0  0.08s           2025-12-07T16:52:10
================================================================================
[2025-12-07T16:53:09.479+0000] {manager.py:879} INFO - 
================================================================================
DAG File Processing Stats

File Path                                  PID    Runtime      # DAGs    # Errors  Last Runtime    Last Run
-----------------------------------------  -----  ---------  --------  ----------  --------------  -------------------
/opt/airflow/dags/datatourisme_poi_dag.py                           0           1  0.32s           2025-12-07T16:52:46
/opt/airflow/dags/simple_dag.py                                     1           0  0.07s           2025-12-07T16:52:40
================================================================================
[2025-12-07T16:53:32.868+0000] {manager.py:738} INFO - Searching for files in /opt/airflow/dags
[2025-12-07T16:53:32.869+0000] {manager.py:741} INFO - There are 2 files in /opt/airflow/dags
[2025-12-07T16:53:39.666+0000] {manager.py:879} INFO - 
================================================================================
DAG File Processing Stats

File Path                                  PID    Runtime      # DAGs    # Errors  Last Runtime    Last Run
-----------------------------------------  -----  ---------  --------  ----------  --------------  -------------------
/opt/airflow/dags/datatourisme_poi_dag.py                           0           1  0.32s           2025-12-07T16:53:17
/opt/airflow/dags/simple_dag.py                                     1           0  0.09s           2025-12-07T16:53:10
================================================================================
[2025-12-07T16:54:09.842+0000] {manager.py:879} INFO - 
================================================================================
DAG File Processing Stats

File Path                                  PID    Runtime      # DAGs    # Errors  Last Runtime    Last Run
-----------------------------------------  -----  ---------  --------  ----------  --------------  -------------------
/opt/airflow/dags/datatourisme_poi_dag.py                           0           1  0.22s           2025-12-07T16:53:48
/opt/airflow/dags/simple_dag.py                                     1           0  0.08s           2025-12-07T16:53:40
================================================================================
[2025-12-07T16:54:40.020+0000] {manager.py:879} INFO - 
================================================================================
DAG File Processing Stats

File Path                                  PID    Runtime      # DAGs    # Errors  Last Runtime    Last Run
-----------------------------------------  -----  ---------  --------  ----------  --------------  -------------------
/opt/airflow/dags/datatourisme_poi_dag.py                           0           1  0.18s           2025-12-07T16:54:19
/opt/airflow/dags/simple_dag.py                                     1           0  0.08s           2025-12-07T16:54:10
================================================================================
[2025-12-07T16:55:10.190+0000] {manager.py:879} INFO - 
================================================================================
DAG File Processing Stats

File Path                                  PID    Runtime      # DAGs    # Errors  Last Runtime    Last Run
-----------------------------------------  -----  ---------  --------  ----------  --------------  -------------------
/opt/airflow/dags/datatourisme_poi_dag.py                           0           1  0.33s           2025-12-07T16:54:50
/opt/airflow/dags/simple_dag.py                                     1           0  0.07s           2025-12-07T16:54:41
================================================================================
[2025-12-07T16:55:40.370+0000] {manager.py:879} INFO - 
================================================================================
DAG File Processing Stats

File Path                                  PID    Runtime      # DAGs    # Errors  Last Runtime    Last Run
-----------------------------------------  -----  ---------  --------  ----------  --------------  -------------------
/opt/airflow/dags/datatourisme_poi_dag.py                           0           1  0.31s           2025-12-07T16:55:21
/opt/airflow/dags/simple_dag.py                                     1           0  0.08s           2025-12-07T16:55:11
================================================================================
[2025-12-07T16:56:10.532+0000] {manager.py:879} INFO - 
================================================================================
DAG File Processing Stats

File Path                                  PID    Runtime      # DAGs    # Errors  Last Runtime    Last Run
-----------------------------------------  -----  ---------  --------  ----------  --------------  -------------------
/opt/airflow/dags/datatourisme_poi_dag.py                           0           1  0.32s           2025-12-07T16:55:52
/opt/airflow/dags/simple_dag.py                                     1           0  0.07s           2025-12-07T16:55:41
================================================================================
[2025-12-07T16:56:40.683+0000] {manager.py:879} INFO - 
================================================================================
DAG File Processing Stats

File Path                                  PID    Runtime      # DAGs    # Errors  Last Runtime    Last Run
-----------------------------------------  -----  ---------  --------  ----------  --------------  -------------------
/opt/airflow/dags/datatourisme_poi_dag.py                           0           1  0.28s           2025-12-07T16:56:23
/opt/airflow/dags/simple_dag.py                                     1           0  0.06s           2025-12-07T16:56:11
================================================================================
[2025-12-07T16:57:10.826+0000] {manager.py:879} INFO - 
================================================================================
DAG File Processing Stats

File Path                                  PID    Runtime      # DAGs    # Errors  Last Runtime    Last Run
-----------------------------------------  -----  ---------  --------  ----------  --------------  -------------------
/opt/airflow/dags/datatourisme_poi_dag.py                           0           1  0.26s           2025-12-07T16:56:54
/opt/airflow/dags/simple_dag.py                                     1           0  0.06s           2025-12-07T16:56:41
================================================================================
[2025-12-07T16:57:40.966+0000] {manager.py:879} INFO - 
================================================================================
DAG File Processing Stats

File Path                                  PID    Runtime      # DAGs    # Errors  Last Runtime    Last Run
-----------------------------------------  -----  ---------  --------  ----------  --------------  -------------------
/opt/airflow/dags/datatourisme_poi_dag.py                           0           1  0.21s           2025-12-07T16:57:26
/opt/airflow/dags/simple_dag.py                                     1           0  0.05s           2025-12-07T16:57:11
================================================================================
[2025-12-07T16:58:11.120+0000] {manager.py:879} INFO - 
================================================================================
DAG File Processing Stats

File Path                                  PID    Runtime      # DAGs    # Errors  Last Runtime    Last Run
-----------------------------------------  -----  ---------  --------  ----------  --------------  -------------------
/opt/airflow/dags/datatourisme_poi_dag.py                           0           1  0.31s           2025-12-07T16:57:57
/opt/airflow/dags/simple_dag.py                                     1           0  0.07s           2025-12-07T16:57:42
================================================================================
[2025-12-07T16:58:33.251+0000] {manager.py:738} INFO - Searching for files in /opt/airflow/dags
[2025-12-07T16:58:33.253+0000] {manager.py:741} INFO - There are 2 files in /opt/airflow/dags
[2025-12-07T16:58:41.288+0000] {manager.py:879} INFO - 
================================================================================
DAG File Processing Stats

File Path                                  PID    Runtime      # DAGs    # Errors  Last Runtime    Last Run
-----------------------------------------  -----  ---------  --------  ----------  --------------  -------------------
/opt/airflow/dags/datatourisme_poi_dag.py                           0           1  0.33s           2025-12-07T16:58:28
/opt/airflow/dags/simple_dag.py                                     1           0  0.06s           2025-12-07T16:58:12
================================================================================
[2025-12-07T16:59:11.447+0000] {manager.py:879} INFO - 
================================================================================
DAG File Processing Stats

File Path                                  PID    Runtime      # DAGs    # Errors  Last Runtime    Last Run
-----------------------------------------  -----  ---------  --------  ----------  --------------  -------------------
/opt/airflow/dags/datatourisme_poi_dag.py                           0           1  0.30s           2025-12-07T16:58:59
/opt/airflow/dags/simple_dag.py                                     1           0  0.07s           2025-12-07T16:58:42
================================================================================
[2025-12-07T16:59:41.599+0000] {manager.py:879} INFO - 
================================================================================
DAG File Processing Stats

File Path                                  PID    Runtime      # DAGs    # Errors  Last Runtime    Last Run
-----------------------------------------  -----  ---------  --------  ----------  --------------  -------------------
/opt/airflow/dags/datatourisme_poi_dag.py                           0           1  0.30s           2025-12-07T16:59:30
/opt/airflow/dags/simple_dag.py                                     1           0  0.06s           2025-12-07T16:59:12
================================================================================
[2025-12-07T17:00:11.760+0000] {manager.py:879} INFO - 
================================================================================
DAG File Processing Stats

File Path                                  PID    Runtime      # DAGs    # Errors  Last Runtime    Last Run
-----------------------------------------  -----  ---------  --------  ----------  --------------  -------------------
/opt/airflow/dags/datatourisme_poi_dag.py                           0           1  0.25s           2025-12-07T17:00:01
/opt/airflow/dags/simple_dag.py                                     1           0  0.07s           2025-12-07T16:59:42
================================================================================
[2025-12-07T17:00:41.931+0000] {manager.py:879} INFO - 
================================================================================
DAG File Processing Stats

File Path                                  PID    Runtime      # DAGs    # Errors  Last Runtime    Last Run
-----------------------------------------  -----  ---------  --------  ----------  --------------  -------------------
/opt/airflow/dags/datatourisme_poi_dag.py                           0           1  0.32s           2025-12-07T17:00:33
/opt/airflow/dags/simple_dag.py                                     1           0  0.08s           2025-12-07T17:00:12
================================================================================
[2025-12-07T17:01:12.099+0000] {manager.py:879} INFO - 
================================================================================
DAG File Processing Stats

File Path                                  PID    Runtime      # DAGs    # Errors  Last Runtime    Last Run
-----------------------------------------  -----  ---------  --------  ----------  --------------  -------------------
/opt/airflow/dags/datatourisme_poi_dag.py                           0           1  0.29s           2025-12-07T17:01:04
/opt/airflow/dags/simple_dag.py                                     1           0  0.08s           2025-12-07T17:00:43
================================================================================
[2025-12-07T17:01:42.256+0000] {manager.py:879} INFO - 
================================================================================
DAG File Processing Stats

File Path                                  PID    Runtime      # DAGs    # Errors  Last Runtime    Last Run
-----------------------------------------  -----  ---------  --------  ----------  --------------  -------------------
/opt/airflow/dags/datatourisme_poi_dag.py                           0           1  0.31s           2025-12-07T17:01:35
/opt/airflow/dags/simple_dag.py                                     1           0  0.06s           2025-12-07T17:01:13
================================================================================
[2025-12-07T17:02:12.440+0000] {manager.py:879} INFO - 
================================================================================
DAG File Processing Stats

File Path                                  PID    Runtime      # DAGs    # Errors  Last Runtime    Last Run
-----------------------------------------  -----  ---------  --------  ----------  --------------  -------------------
/opt/airflow/dags/datatourisme_poi_dag.py                           0           1  0.30s           2025-12-07T17:02:06
/opt/airflow/dags/simple_dag.py                                     1           0  0.08s           2025-12-07T17:01:43
================================================================================
[2025-12-07T17:02:42.585+0000] {manager.py:879} INFO - 
================================================================================
DAG File Processing Stats

File Path                                  PID    Runtime      # DAGs    # Errors  Last Runtime    Last Run
-----------------------------------------  -----  ---------  --------  ----------  --------------  -------------------
/opt/airflow/dags/datatourisme_poi_dag.py                           0           1  0.27s           2025-12-07T17:02:37
/opt/airflow/dags/simple_dag.py                                     1           0  0.05s           2025-12-07T17:02:13
================================================================================
[2025-12-07T17:03:12.734+0000] {manager.py:879} INFO - 
================================================================================
DAG File Processing Stats

File Path                                  PID    Runtime      # DAGs    # Errors  Last Runtime    Last Run
-----------------------------------------  -----  ---------  --------  ----------  --------------  -------------------
/opt/airflow/dags/datatourisme_poi_dag.py                           0           1  0.20s           2025-12-07T17:03:08
/opt/airflow/dags/simple_dag.py                                     1           0  0.06s           2025-12-07T17:02:43
================================================================================
[2025-12-07T17:03:33.800+0000] {manager.py:738} INFO - Searching for files in /opt/airflow/dags
[2025-12-07T17:03:33.802+0000] {manager.py:741} INFO - There are 2 files in /opt/airflow/dags
[2025-12-07T17:03:42.878+0000] {manager.py:879} INFO - 
================================================================================
DAG File Processing Stats

File Path                                  PID    Runtime      # DAGs    # Errors  Last Runtime    Last Run
-----------------------------------------  -----  ---------  --------  ----------  --------------  -------------------
/opt/airflow/dags/datatourisme_poi_dag.py                           0           1  0.30s           2025-12-07T17:03:40
/opt/airflow/dags/simple_dag.py                                     1           0  0.06s           2025-12-07T17:03:13
================================================================================
[2025-12-07T17:04:13.043+0000] {manager.py:879} INFO - 
================================================================================
DAG File Processing Stats

File Path                                  PID    Runtime      # DAGs    # Errors  Last Runtime    Last Run
-----------------------------------------  -----  ---------  --------  ----------  --------------  -------------------
/opt/airflow/dags/datatourisme_poi_dag.py                           0           1  0.32s           2025-12-07T17:04:11
/opt/airflow/dags/simple_dag.py                                     1           0  0.07s           2025-12-07T17:03:43
================================================================================
[2025-12-07T17:04:43.198+0000] {manager.py:879} INFO - 
================================================================================
DAG File Processing Stats

File Path                                  PID    Runtime      # DAGs    # Errors  Last Runtime    Last Run
-----------------------------------------  -----  ---------  --------  ----------  --------------  -------------------
/opt/airflow/dags/datatourisme_poi_dag.py                           0           1  0.39s           2025-12-07T17:04:42
/opt/airflow/dags/simple_dag.py                                     1           0  0.07s           2025-12-07T17:04:14
================================================================================
[2025-12-07T17:05:13.300+0000] {manager.py:879} INFO - 
================================================================================
DAG File Processing Stats

File Path                                    PID  Runtime      # DAGs    # Errors  Last Runtime    Last Run
-----------------------------------------  -----  ---------  --------  ----------  --------------  -------------------
/opt/airflow/dags/datatourisme_poi_dag.py   1781  0.00s             0           1  0.39s           2025-12-07T17:04:42
/opt/airflow/dags/simple_dag.py                                     1           0  0.08s           2025-12-07T17:04:44
================================================================================
[2025-12-07T17:05:43.468+0000] {manager.py:879} INFO - 
================================================================================
DAG File Processing Stats

File Path                                  PID    Runtime      # DAGs    # Errors  Last Runtime    Last Run
-----------------------------------------  -----  ---------  --------  ----------  --------------  -------------------
/opt/airflow/dags/datatourisme_poi_dag.py                           0           1  0.30s           2025-12-07T17:05:13
/opt/airflow/dags/simple_dag.py                                     1           0  0.07s           2025-12-07T17:05:14
================================================================================
[2025-12-07T17:06:13.663+0000] {manager.py:879} INFO - 
================================================================================
DAG File Processing Stats

File Path                                  PID    Runtime      # DAGs    # Errors  Last Runtime    Last Run
-----------------------------------------  -----  ---------  --------  ----------  --------------  -------------------
/opt/airflow/dags/datatourisme_poi_dag.py                           0           1  0.24s           2025-12-07T17:05:44
/opt/airflow/dags/simple_dag.py                                     1           0  0.08s           2025-12-07T17:05:44
================================================================================
[2025-12-07T17:06:43.835+0000] {manager.py:879} INFO - 
================================================================================
DAG File Processing Stats

File Path                                  PID    Runtime      # DAGs    # Errors  Last Runtime    Last Run
-----------------------------------------  -----  ---------  --------  ----------  --------------  -------------------
/opt/airflow/dags/datatourisme_poi_dag.py                           0           1  0.28s           2025-12-07T17:06:15
/opt/airflow/dags/simple_dag.py                                     1           0  0.07s           2025-12-07T17:06:14
================================================================================
[2025-12-07T17:07:14.000+0000] {manager.py:879} INFO - 
================================================================================
DAG File Processing Stats

File Path                                  PID    Runtime      # DAGs    # Errors  Last Runtime    Last Run
-----------------------------------------  -----  ---------  --------  ----------  --------------  -------------------
/opt/airflow/dags/datatourisme_poi_dag.py                           0           1  0.27s           2025-12-07T17:06:46
/opt/airflow/dags/simple_dag.py                                     1           0  0.06s           2025-12-07T17:06:44
================================================================================
[2025-12-07T17:07:44.196+0000] {manager.py:879} INFO - 
================================================================================
DAG File Processing Stats

File Path                                  PID    Runtime      # DAGs    # Errors  Last Runtime    Last Run
-----------------------------------------  -----  ---------  --------  ----------  --------------  -------------------
/opt/airflow/dags/datatourisme_poi_dag.py                           0           1  0.34s           2025-12-07T17:07:17
/opt/airflow/dags/simple_dag.py                                     1           0  0.08s           2025-12-07T17:07:15
================================================================================
[2025-12-07T17:08:14.378+0000] {manager.py:879} INFO - 
================================================================================
DAG File Processing Stats

File Path                                  PID    Runtime      # DAGs    # Errors  Last Runtime    Last Run
-----------------------------------------  -----  ---------  --------  ----------  --------------  -------------------
/opt/airflow/dags/datatourisme_poi_dag.py                           0           1  0.30s           2025-12-07T17:07:48
/opt/airflow/dags/simple_dag.py                                     1           0  0.08s           2025-12-07T17:07:45
================================================================================
[2025-12-07T17:08:34.522+0000] {manager.py:738} INFO - Searching for files in /opt/airflow/dags
[2025-12-07T17:08:34.524+0000] {manager.py:741} INFO - There are 2 files in /opt/airflow/dags
[2025-12-07T17:08:44.569+0000] {manager.py:879} INFO - 
================================================================================
DAG File Processing Stats

File Path                                  PID    Runtime      # DAGs    # Errors  Last Runtime    Last Run
-----------------------------------------  -----  ---------  --------  ----------  --------------  -------------------
/opt/airflow/dags/datatourisme_poi_dag.py                           0           1  0.33s           2025-12-07T17:08:19
/opt/airflow/dags/simple_dag.py                                     1           0  0.07s           2025-12-07T17:08:15
================================================================================
[2025-12-07T17:09:14.747+0000] {manager.py:879} INFO - 
================================================================================
DAG File Processing Stats

File Path                                  PID    Runtime      # DAGs    # Errors  Last Runtime    Last Run
-----------------------------------------  -----  ---------  --------  ----------  --------------  -------------------
/opt/airflow/dags/datatourisme_poi_dag.py                           0           1  0.30s           2025-12-07T17:08:50
/opt/airflow/dags/simple_dag.py                                     1           0  0.07s           2025-12-07T17:08:45
================================================================================
[2025-12-07T17:09:44.930+0000] {manager.py:879} INFO - 
================================================================================
DAG File Processing Stats

File Path                                  PID    Runtime      # DAGs    # Errors  Last Runtime    Last Run
-----------------------------------------  -----  ---------  --------  ----------  --------------  -------------------
/opt/airflow/dags/datatourisme_poi_dag.py                           0           1  0.27s           2025-12-07T17:09:22
/opt/airflow/dags/simple_dag.py                                     1           0  0.08s           2025-12-07T17:09:15
================================================================================
[2025-12-07T17:10:15.094+0000] {manager.py:879} INFO - 
================================================================================
DAG File Processing Stats

File Path                                  PID    Runtime      # DAGs    # Errors  Last Runtime    Last Run
-----------------------------------------  -----  ---------  --------  ----------  --------------  -------------------
/opt/airflow/dags/datatourisme_poi_dag.py                           0           1  0.26s           2025-12-07T17:09:53
/opt/airflow/dags/simple_dag.py                                     1           0  0.06s           2025-12-07T17:09:45
================================================================================
[2025-12-07T17:10:45.258+0000] {manager.py:879} INFO - 
================================================================================
DAG File Processing Stats

File Path                                  PID    Runtime      # DAGs    # Errors  Last Runtime    Last Run
-----------------------------------------  -----  ---------  --------  ----------  --------------  -------------------
/opt/airflow/dags/datatourisme_poi_dag.py                           0           1  0.37s           2025-12-07T17:10:24
/opt/airflow/dags/simple_dag.py                                     1           0  0.06s           2025-12-07T17:10:16
================================================================================
[2025-12-07T17:11:15.409+0000] {manager.py:879} INFO - 
================================================================================
DAG File Processing Stats

File Path                                  PID    Runtime      # DAGs    # Errors  Last Runtime    Last Run
-----------------------------------------  -----  ---------  --------  ----------  --------------  -------------------
/opt/airflow/dags/datatourisme_poi_dag.py                           0           1  0.28s           2025-12-07T17:10:55
/opt/airflow/dags/simple_dag.py                                     1           0  0.06s           2025-12-07T17:10:46
================================================================================
[2025-12-07T17:11:45.574+0000] {manager.py:879} INFO - 
================================================================================
DAG File Processing Stats

File Path                                  PID    Runtime      # DAGs    # Errors  Last Runtime    Last Run
-----------------------------------------  -----  ---------  --------  ----------  --------------  -------------------
/opt/airflow/dags/datatourisme_poi_dag.py                           0           1  0.29s           2025-12-07T17:11:26
/opt/airflow/dags/simple_dag.py                                     1           0  0.06s           2025-12-07T17:11:16
================================================================================
[2025-12-07T17:12:15.723+0000] {manager.py:879} INFO - 
================================================================================
DAG File Processing Stats

File Path                                  PID    Runtime      # DAGs    # Errors  Last Runtime    Last Run
-----------------------------------------  -----  ---------  --------  ----------  --------------  -------------------
/opt/airflow/dags/datatourisme_poi_dag.py                           0           1  0.29s           2025-12-07T17:11:57
/opt/airflow/dags/simple_dag.py                                     1           0  0.06s           2025-12-07T17:11:46
================================================================================
[2025-12-07T17:12:45.911+0000] {manager.py:879} INFO - 
================================================================================
DAG File Processing Stats

File Path                                  PID    Runtime      # DAGs    # Errors  Last Runtime    Last Run
-----------------------------------------  -----  ---------  --------  ----------  --------------  -------------------
/opt/airflow/dags/datatourisme_poi_dag.py                           0           1  0.28s           2025-12-07T17:12:29
/opt/airflow/dags/simple_dag.py                                     1           0  0.08s           2025-12-07T17:12:16
================================================================================
[2025-12-07T17:13:16.065+0000] {manager.py:879} INFO - 
================================================================================
DAG File Processing Stats

File Path                                  PID    Runtime      # DAGs    # Errors  Last Runtime    Last Run
-----------------------------------------  -----  ---------  --------  ----------  --------------  -------------------
/opt/airflow/dags/datatourisme_poi_dag.py                           0           1  0.27s           2025-12-07T17:13:00
/opt/airflow/dags/simple_dag.py                                     1           0  0.06s           2025-12-07T17:12:46
================================================================================
[2025-12-07T17:13:35.184+0000] {manager.py:738} INFO - Searching for files in /opt/airflow/dags
[2025-12-07T17:13:35.185+0000] {manager.py:741} INFO - There are 2 files in /opt/airflow/dags
[2025-12-07T17:13:46.236+0000] {manager.py:879} INFO - 
================================================================================
DAG File Processing Stats

File Path                                  PID    Runtime      # DAGs    # Errors  Last Runtime    Last Run
-----------------------------------------  -----  ---------  --------  ----------  --------------  -------------------
/opt/airflow/dags/datatourisme_poi_dag.py                           0           1  0.29s           2025-12-07T17:13:31
/opt/airflow/dags/simple_dag.py                                     1           0  0.06s           2025-12-07T17:13:17
================================================================================
[2025-12-07T17:14:16.393+0000] {manager.py:879} INFO - 
================================================================================
DAG File Processing Stats

File Path                                  PID    Runtime      # DAGs    # Errors  Last Runtime    Last Run
-----------------------------------------  -----  ---------  --------  ----------  --------------  -------------------
/opt/airflow/dags/datatourisme_poi_dag.py                           0           1  0.32s           2025-12-07T17:14:02
/opt/airflow/dags/simple_dag.py                                     1           0  0.06s           2025-12-07T17:13:47
================================================================================
[2025-12-07T17:14:46.575+0000] {manager.py:879} INFO - 
================================================================================
DAG File Processing Stats

File Path                                  PID    Runtime      # DAGs    # Errors  Last Runtime    Last Run
-----------------------------------------  -----  ---------  --------  ----------  --------------  -------------------
/opt/airflow/dags/datatourisme_poi_dag.py                           0           1  0.27s           2025-12-07T17:14:33
/opt/airflow/dags/simple_dag.py                                     1           0  0.07s           2025-12-07T17:14:17
================================================================================
[2025-12-07T17:15:16.742+0000] {manager.py:879} INFO - 
================================================================================
DAG File Processing Stats

File Path                                  PID    Runtime      # DAGs    # Errors  Last Runtime    Last Run
-----------------------------------------  -----  ---------  --------  ----------  --------------  -------------------
/opt/airflow/dags/datatourisme_poi_dag.py                           0           1  0.30s           2025-12-07T17:15:04
/opt/airflow/dags/simple_dag.py                                     1           0  0.08s           2025-12-07T17:14:47
================================================================================
[2025-12-07T17:15:46.916+0000] {manager.py:879} INFO - 
================================================================================
DAG File Processing Stats

File Path                                  PID    Runtime      # DAGs    # Errors  Last Runtime    Last Run
-----------------------------------------  -----  ---------  --------  ----------  --------------  -------------------
/opt/airflow/dags/datatourisme_poi_dag.py                           0           1  0.31s           2025-12-07T17:15:36
/opt/airflow/dags/simple_dag.py                                     1           0  0.08s           2025-12-07T17:15:17
================================================================================
[2025-12-07T17:16:17.080+0000] {manager.py:879} INFO - 
================================================================================
DAG File Processing Stats

File Path                                  PID    Runtime      # DAGs    # Errors  Last Runtime    Last Run
-----------------------------------------  -----  ---------  --------  ----------  --------------  -------------------
/opt/airflow/dags/datatourisme_poi_dag.py                           0           1  0.25s           2025-12-07T17:16:07
/opt/airflow/dags/simple_dag.py                                     1           0  0.07s           2025-12-07T17:15:47
================================================================================
[2025-12-07T17:16:47.247+0000] {manager.py:879} INFO - 
================================================================================
DAG File Processing Stats

File Path                                  PID    Runtime      # DAGs    # Errors  Last Runtime    Last Run
-----------------------------------------  -----  ---------  --------  ----------  --------------  -------------------
/opt/airflow/dags/datatourisme_poi_dag.py                           0           1  0.27s           2025-12-07T17:16:38
/opt/airflow/dags/simple_dag.py                                     1           0  0.07s           2025-12-07T17:16:18
================================================================================
[2025-12-07T17:17:17.409+0000] {manager.py:879} INFO - 
================================================================================
DAG File Processing Stats

File Path                                  PID    Runtime      # DAGs    # Errors  Last Runtime    Last Run
-----------------------------------------  -----  ---------  --------  ----------  --------------  -------------------
/opt/airflow/dags/datatourisme_poi_dag.py                           0           1  0.25s           2025-12-07T17:17:09
/opt/airflow/dags/simple_dag.py                                     1           0  0.07s           2025-12-07T17:16:48
================================================================================
[2025-12-07T17:17:47.554+0000] {manager.py:879} INFO - 
================================================================================
DAG File Processing Stats

File Path                                  PID    Runtime      # DAGs    # Errors  Last Runtime    Last Run
-----------------------------------------  -----  ---------  --------  ----------  --------------  -------------------
/opt/airflow/dags/datatourisme_poi_dag.py                           0           1  0.29s           2025-12-07T17:17:40
/opt/airflow/dags/simple_dag.py                                     1           0  0.06s           2025-12-07T17:17:18
================================================================================
[2025-12-07T17:18:17.704+0000] {manager.py:879} INFO - 
================================================================================
DAG File Processing Stats

File Path                                  PID    Runtime      # DAGs    # Errors  Last Runtime    Last Run
-----------------------------------------  -----  ---------  --------  ----------  --------------  -------------------
/opt/airflow/dags/datatourisme_poi_dag.py                           0           1  0.31s           2025-12-07T17:18:11
/opt/airflow/dags/simple_dag.py                                     1           0  0.07s           2025-12-07T17:17:48
================================================================================
[2025-12-07T17:18:35.772+0000] {manager.py:738} INFO - Searching for files in /opt/airflow/dags
[2025-12-07T17:18:35.774+0000] {manager.py:741} INFO - There are 2 files in /opt/airflow/dags
[2025-12-07T17:18:47.850+0000] {manager.py:879} INFO - 
================================================================================
DAG File Processing Stats

File Path                                  PID    Runtime      # DAGs    # Errors  Last Runtime    Last Run
-----------------------------------------  -----  ---------  --------  ----------  --------------  -------------------
/opt/airflow/dags/datatourisme_poi_dag.py                           0           1  0.30s           2025-12-07T17:18:43
/opt/airflow/dags/simple_dag.py                                     1           0  0.06s           2025-12-07T17:18:18
================================================================================
[2025-12-07T17:19:18.012+0000] {manager.py:879} INFO - 
================================================================================
DAG File Processing Stats

File Path                                  PID    Runtime      # DAGs    # Errors  Last Runtime    Last Run
-----------------------------------------  -----  ---------  --------  ----------  --------------  -------------------
/opt/airflow/dags/datatourisme_poi_dag.py                           0           1  0.29s           2025-12-07T17:19:14
/opt/airflow/dags/simple_dag.py                                     1           0  0.07s           2025-12-07T17:18:48
================================================================================
[2025-12-07T17:19:48.195+0000] {manager.py:879} INFO - 
================================================================================
DAG File Processing Stats

File Path                                  PID    Runtime      # DAGs    # Errors  Last Runtime    Last Run
-----------------------------------------  -----  ---------  --------  ----------  --------------  -------------------
/opt/airflow/dags/datatourisme_poi_dag.py                           0           1  0.29s           2025-12-07T17:19:45
/opt/airflow/dags/simple_dag.py                                     1           0  0.09s           2025-12-07T17:19:19
================================================================================
[2025-12-07T17:20:18.348+0000] {manager.py:879} INFO - 
================================================================================
DAG File Processing Stats

File Path                                  PID    Runtime      # DAGs    # Errors  Last Runtime    Last Run
-----------------------------------------  -----  ---------  --------  ----------  --------------  -------------------
/opt/airflow/dags/datatourisme_poi_dag.py                           0           1  0.28s           2025-12-07T17:20:16
/opt/airflow/dags/simple_dag.py                                     1           0  0.07s           2025-12-07T17:19:49
================================================================================
[2025-12-07T17:20:48.504+0000] {manager.py:879} INFO - 
================================================================================
DAG File Processing Stats

File Path                                  PID    Runtime      # DAGs    # Errors  Last Runtime    Last Run
-----------------------------------------  -----  ---------  --------  ----------  --------------  -------------------
/opt/airflow/dags/datatourisme_poi_dag.py                           0           1  0.27s           2025-12-07T17:20:47
/opt/airflow/dags/simple_dag.py                                     1           0  0.07s           2025-12-07T17:20:19
================================================================================
[2025-12-07T17:21:18.607+0000] {manager.py:879} INFO - 
================================================================================
DAG File Processing Stats

File Path                                    PID  Runtime      # DAGs    # Errors  Last Runtime    Last Run
-----------------------------------------  -----  ---------  --------  ----------  --------------  -------------------
/opt/airflow/dags/datatourisme_poi_dag.py   2547  0.00s             0           1  0.27s           2025-12-07T17:20:47
/opt/airflow/dags/simple_dag.py                                     1           0  0.06s           2025-12-07T17:20:49
================================================================================
[2025-12-07T17:21:48.737+0000] {manager.py:879} INFO - 
================================================================================
DAG File Processing Stats

File Path                                  PID    Runtime      # DAGs    # Errors  Last Runtime    Last Run
-----------------------------------------  -----  ---------  --------  ----------  --------------  -------------------
/opt/airflow/dags/datatourisme_poi_dag.py                           0           1  0.30s           2025-12-07T17:21:18
/opt/airflow/dags/simple_dag.py                                     1           0  0.09s           2025-12-07T17:21:19
================================================================================
[2025-12-07T17:22:18.890+0000] {manager.py:879} INFO - 
================================================================================
DAG File Processing Stats

File Path                                  PID    Runtime      # DAGs    # Errors  Last Runtime    Last Run
-----------------------------------------  -----  ---------  --------  ----------  --------------  -------------------
/opt/airflow/dags/datatourisme_poi_dag.py                           0           1  0.25s           2025-12-07T17:21:49
/opt/airflow/dags/simple_dag.py                                     1           0  0.05s           2025-12-07T17:21:49
================================================================================
[2025-12-07T17:22:49.056+0000] {manager.py:879} INFO - 
================================================================================
DAG File Processing Stats

File Path                                  PID    Runtime      # DAGs    # Errors  Last Runtime    Last Run
-----------------------------------------  -----  ---------  --------  ----------  --------------  -------------------
/opt/airflow/dags/datatourisme_poi_dag.py                           0           1  0.28s           2025-12-07T17:22:21
/opt/airflow/dags/simple_dag.py                                     1           0  0.07s           2025-12-07T17:22:19
================================================================================
[2025-12-07T17:23:19.229+0000] {manager.py:879} INFO - 
================================================================================
DAG File Processing Stats

File Path                                  PID    Runtime      # DAGs    # Errors  Last Runtime    Last Run
-----------------------------------------  -----  ---------  --------  ----------  --------------  -------------------
/opt/airflow/dags/datatourisme_poi_dag.py                           0           1  0.35s           2025-12-07T17:22:52
/opt/airflow/dags/simple_dag.py                                     1           0  0.07s           2025-12-07T17:22:50
================================================================================
[2025-12-07T17:23:36.336+0000] {manager.py:738} INFO - Searching for files in /opt/airflow/dags
[2025-12-07T17:23:36.340+0000] {manager.py:741} INFO - There are 2 files in /opt/airflow/dags
[2025-12-07T17:23:49.404+0000] {manager.py:879} INFO - 
================================================================================
DAG File Processing Stats

File Path                                  PID    Runtime      # DAGs    # Errors  Last Runtime    Last Run
-----------------------------------------  -----  ---------  --------  ----------  --------------  -------------------
/opt/airflow/dags/datatourisme_poi_dag.py                           0           1  0.34s           2025-12-07T17:23:23
/opt/airflow/dags/simple_dag.py                                     1           0  0.04s           2025-12-07T17:23:20
================================================================================
[2025-12-07T17:24:19.583+0000] {manager.py:879} INFO - 
================================================================================
DAG File Processing Stats

File Path                                  PID    Runtime      # DAGs    # Errors  Last Runtime    Last Run
-----------------------------------------  -----  ---------  --------  ----------  --------------  -------------------
/opt/airflow/dags/datatourisme_poi_dag.py                           0           1  0.37s           2025-12-07T17:23:54
/opt/airflow/dags/simple_dag.py                                     1           0  0.09s           2025-12-07T17:23:50
================================================================================
[2025-12-07T17:24:49.759+0000] {manager.py:879} INFO - 
================================================================================
DAG File Processing Stats

File Path                                  PID    Runtime      # DAGs    # Errors  Last Runtime    Last Run
-----------------------------------------  -----  ---------  --------  ----------  --------------  -------------------
/opt/airflow/dags/datatourisme_poi_dag.py                           0           1  0.29s           2025-12-07T17:24:25
/opt/airflow/dags/simple_dag.py                                     1           0  0.07s           2025-12-07T17:24:20
================================================================================
[2025-12-07T17:25:19.918+0000] {manager.py:879} INFO - 
================================================================================
DAG File Processing Stats

File Path                                  PID    Runtime      # DAGs    # Errors  Last Runtime    Last Run
-----------------------------------------  -----  ---------  --------  ----------  --------------  -------------------
/opt/airflow/dags/datatourisme_poi_dag.py                           0           1  0.33s           2025-12-07T17:24:57
/opt/airflow/dags/simple_dag.py                                     1           0  0.07s           2025-12-07T17:24:50
================================================================================
[2025-12-07T17:25:50.094+0000] {manager.py:879} INFO - 
================================================================================
DAG File Processing Stats

File Path                                  PID    Runtime      # DAGs    # Errors  Last Runtime    Last Run
-----------------------------------------  -----  ---------  --------  ----------  --------------  -------------------
/opt/airflow/dags/datatourisme_poi_dag.py                           0           1  0.34s           2025-12-07T17:25:28
/opt/airflow/dags/simple_dag.py                                     1           0  0.08s           2025-12-07T17:25:21
================================================================================
[2025-12-07T17:26:20.265+0000] {manager.py:879} INFO - 
================================================================================
DAG File Processing Stats

File Path                                  PID    Runtime      # DAGs    # Errors  Last Runtime    Last Run
-----------------------------------------  -----  ---------  --------  ----------  --------------  -------------------
/opt/airflow/dags/datatourisme_poi_dag.py                           0           1  0.26s           2025-12-07T17:25:59
/opt/airflow/dags/simple_dag.py                                     1           0  0.07s           2025-12-07T17:25:51
================================================================================
[2025-12-07T17:26:50.457+0000] {manager.py:879} INFO - 
================================================================================
DAG File Processing Stats

File Path                                  PID    Runtime      # DAGs    # Errors  Last Runtime    Last Run
-----------------------------------------  -----  ---------  --------  ----------  --------------  -------------------
/opt/airflow/dags/datatourisme_poi_dag.py                           0           1  0.33s           2025-12-07T17:26:30
/opt/airflow/dags/simple_dag.py                                     1           0  0.09s           2025-12-07T17:26:21
================================================================================
[2025-12-07T17:27:20.636+0000] {manager.py:879} INFO - 
================================================================================
DAG File Processing Stats

File Path                                  PID    Runtime      # DAGs    # Errors  Last Runtime    Last Run
-----------------------------------------  -----  ---------  --------  ----------  --------------  -------------------
/opt/airflow/dags/datatourisme_poi_dag.py                           0           1  0.33s           2025-12-07T17:27:01
/opt/airflow/dags/simple_dag.py                                     1           0  0.08s           2025-12-07T17:26:51
================================================================================
[2025-12-07T17:27:50.835+0000] {manager.py:879} INFO - 
================================================================================
DAG File Processing Stats

File Path                                  PID    Runtime      # DAGs    # Errors  Last Runtime    Last Run
-----------------------------------------  -----  ---------  --------  ----------  --------------  -------------------
/opt/airflow/dags/datatourisme_poi_dag.py                           0           1  0.33s           2025-12-07T17:27:33
/opt/airflow/dags/simple_dag.py                                     1           0  0.09s           2025-12-07T17:27:21
================================================================================
[2025-12-07T17:28:21.012+0000] {manager.py:879} INFO - 
================================================================================
DAG File Processing Stats

File Path                                  PID    Runtime      # DAGs    # Errors  Last Runtime    Last Run
-----------------------------------------  -----  ---------  --------  ----------  --------------  -------------------
/opt/airflow/dags/datatourisme_poi_dag.py                           0           1  0.33s           2025-12-07T17:28:04
/opt/airflow/dags/simple_dag.py                                     1           0  0.08s           2025-12-07T17:27:51
================================================================================
[2025-12-07T17:28:36.395+0000] {manager.py:738} INFO - Searching for files in /opt/airflow/dags
[2025-12-07T17:28:36.397+0000] {manager.py:741} INFO - There are 2 files in /opt/airflow/dags
[2025-12-07T17:28:51.199+0000] {manager.py:879} INFO - 
================================================================================
DAG File Processing Stats

File Path                                  PID    Runtime      # DAGs    # Errors  Last Runtime    Last Run
-----------------------------------------  -----  ---------  --------  ----------  --------------  -------------------
/opt/airflow/dags/datatourisme_poi_dag.py                           0           1  0.32s           2025-12-07T17:28:35
/opt/airflow/dags/simple_dag.py                                     1           0  0.09s           2025-12-07T17:28:22
================================================================================
[2025-12-07T17:29:21.375+0000] {manager.py:879} INFO - 
================================================================================
DAG File Processing Stats

File Path                                  PID    Runtime      # DAGs    # Errors  Last Runtime    Last Run
-----------------------------------------  -----  ---------  --------  ----------  --------------  -------------------
/opt/airflow/dags/datatourisme_poi_dag.py                           0           1  0.36s           2025-12-07T17:29:06
/opt/airflow/dags/simple_dag.py                                     1           0  0.08s           2025-12-07T17:28:52
================================================================================
[2025-12-07T17:29:51.542+0000] {manager.py:879} INFO - 
================================================================================
DAG File Processing Stats

File Path                                  PID    Runtime      # DAGs    # Errors  Last Runtime    Last Run
-----------------------------------------  -----  ---------  --------  ----------  --------------  -------------------
/opt/airflow/dags/datatourisme_poi_dag.py                           0           1  0.33s           2025-12-07T17:29:37
/opt/airflow/dags/simple_dag.py                                     1           0  0.07s           2025-12-07T17:29:22
================================================================================
[2025-12-07T17:30:21.708+0000] {manager.py:879} INFO - 
================================================================================
DAG File Processing Stats

File Path                                  PID    Runtime      # DAGs    # Errors  Last Runtime    Last Run
-----------------------------------------  -----  ---------  --------  ----------  --------------  -------------------
/opt/airflow/dags/datatourisme_poi_dag.py                           0           1  0.35s           2025-12-07T17:30:08
/opt/airflow/dags/simple_dag.py                                     1           0  0.07s           2025-12-07T17:29:52
================================================================================
[2025-12-07T17:30:51.880+0000] {manager.py:879} INFO - 
================================================================================
DAG File Processing Stats

File Path                                  PID    Runtime      # DAGs    # Errors  Last Runtime    Last Run
-----------------------------------------  -----  ---------  --------  ----------  --------------  -------------------
/opt/airflow/dags/datatourisme_poi_dag.py                           0           1  0.33s           2025-12-07T17:30:40
/opt/airflow/dags/simple_dag.py                                     1           0  0.07s           2025-12-07T17:30:22
================================================================================
[2025-12-07T17:31:22.050+0000] {manager.py:879} INFO - 
================================================================================
DAG File Processing Stats

File Path                                  PID    Runtime      # DAGs    # Errors  Last Runtime    Last Run
-----------------------------------------  -----  ---------  --------  ----------  --------------  -------------------
/opt/airflow/dags/datatourisme_poi_dag.py                           0           1  0.33s           2025-12-07T17:31:11
/opt/airflow/dags/simple_dag.py                                     1           0  0.07s           2025-12-07T17:30:52
================================================================================
[2025-12-07T17:31:52.237+0000] {manager.py:879} INFO - 
================================================================================
DAG File Processing Stats

File Path                                  PID    Runtime      # DAGs    # Errors  Last Runtime    Last Run
-----------------------------------------  -----  ---------  --------  ----------  --------------  -------------------
/opt/airflow/dags/datatourisme_poi_dag.py                           0           1  0.32s           2025-12-07T17:31:42
/opt/airflow/dags/simple_dag.py                                     1           0  0.09s           2025-12-07T17:31:23
================================================================================
[2025-12-07T17:32:22.389+0000] {manager.py:879} INFO - 
================================================================================
DAG File Processing Stats

File Path                                  PID    Runtime      # DAGs    # Errors  Last Runtime    Last Run
-----------------------------------------  -----  ---------  --------  ----------  --------------  -------------------
/opt/airflow/dags/datatourisme_poi_dag.py                           0           1  0.33s           2025-12-07T17:32:13
/opt/airflow/dags/simple_dag.py                                     1           0  0.07s           2025-12-07T17:31:53
================================================================================
[2025-12-07T17:32:52.568+0000] {manager.py:879} INFO - 
================================================================================
DAG File Processing Stats

File Path                                  PID    Runtime      # DAGs    # Errors  Last Runtime    Last Run
-----------------------------------------  -----  ---------  --------  ----------  --------------  -------------------
/opt/airflow/dags/datatourisme_poi_dag.py                           0           1  0.35s           2025-12-07T17:32:44
/opt/airflow/dags/simple_dag.py                                     1           0  0.08s           2025-12-07T17:32:23
================================================================================
[2025-12-07T17:33:22.737+0000] {manager.py:879} INFO - 
================================================================================
DAG File Processing Stats

File Path                                  PID    Runtime      # DAGs    # Errors  Last Runtime    Last Run
-----------------------------------------  -----  ---------  --------  ----------  --------------  -------------------
/opt/airflow/dags/datatourisme_poi_dag.py                           0           1  0.33s           2025-12-07T17:33:15
/opt/airflow/dags/simple_dag.py                                     1           0  0.08s           2025-12-07T17:32:53
================================================================================
[2025-12-07T17:33:36.787+0000] {manager.py:738} INFO - Searching for files in /opt/airflow/dags
[2025-12-07T17:33:36.789+0000] {manager.py:741} INFO - There are 2 files in /opt/airflow/dags
[2025-12-07T17:33:52.912+0000] {manager.py:879} INFO - 
================================================================================
DAG File Processing Stats

File Path                                  PID    Runtime      # DAGs    # Errors  Last Runtime    Last Run
-----------------------------------------  -----  ---------  --------  ----------  --------------  -------------------
/opt/airflow/dags/datatourisme_poi_dag.py                           0           1  0.31s           2025-12-07T17:33:47
/opt/airflow/dags/simple_dag.py                                     1           0  0.08s           2025-12-07T17:33:23
================================================================================
[2025-12-07T17:34:23.081+0000] {manager.py:879} INFO - 
================================================================================
DAG File Processing Stats

File Path                                  PID    Runtime      # DAGs    # Errors  Last Runtime    Last Run
-----------------------------------------  -----  ---------  --------  ----------  --------------  -------------------
/opt/airflow/dags/datatourisme_poi_dag.py                           0           1  0.39s           2025-12-07T17:34:18
/opt/airflow/dags/simple_dag.py                                     1           0  0.08s           2025-12-07T17:33:53
================================================================================
[2025-12-07T17:34:53.263+0000] {manager.py:879} INFO - 
================================================================================
DAG File Processing Stats

File Path                                  PID    Runtime      # DAGs    # Errors  Last Runtime    Last Run
-----------------------------------------  -----  ---------  --------  ----------  --------------  -------------------
/opt/airflow/dags/datatourisme_poi_dag.py                           0           1  0.35s           2025-12-07T17:34:49
/opt/airflow/dags/simple_dag.py                                     1           0  0.08s           2025-12-07T17:34:24
================================================================================
[2025-12-07T17:35:23.420+0000] {manager.py:879} INFO - 
================================================================================
DAG File Processing Stats

File Path                                  PID    Runtime      # DAGs    # Errors  Last Runtime    Last Run
-----------------------------------------  -----  ---------  --------  ----------  --------------  -------------------
/opt/airflow/dags/datatourisme_poi_dag.py                           0           1  0.32s           2025-12-07T17:35:20
/opt/airflow/dags/simple_dag.py                                     1           0  0.07s           2025-12-07T17:34:54
================================================================================
[2025-12-07T17:35:53.595+0000] {manager.py:879} INFO - 
================================================================================
DAG File Processing Stats

File Path                                  PID    Runtime      # DAGs    # Errors  Last Runtime    Last Run
-----------------------------------------  -----  ---------  --------  ----------  --------------  -------------------
/opt/airflow/dags/datatourisme_poi_dag.py                           0           1  0.35s           2025-12-07T17:35:51
/opt/airflow/dags/simple_dag.py                                     1           0  0.08s           2025-12-07T17:35:24
================================================================================
[2025-12-07T17:36:23.759+0000] {manager.py:879} INFO - 
================================================================================
DAG File Processing Stats

File Path                                  PID    Runtime      # DAGs    # Errors  Last Runtime    Last Run
-----------------------------------------  -----  ---------  --------  ----------  --------------  -------------------
/opt/airflow/dags/datatourisme_poi_dag.py                           0           1  0.35s           2025-12-07T17:36:23
/opt/airflow/dags/simple_dag.py                                     1           0  0.07s           2025-12-07T17:35:54
================================================================================
[2025-12-07T17:36:53.864+0000] {manager.py:879} INFO - 
================================================================================
DAG File Processing Stats

File Path                                    PID  Runtime      # DAGs    # Errors  Last Runtime    Last Run
-----------------------------------------  -----  ---------  --------  ----------  --------------  -------------------
/opt/airflow/dags/datatourisme_poi_dag.py   3271  0.00s             0           1  0.35s           2025-12-07T17:36:23
/opt/airflow/dags/simple_dag.py                                     1           0  0.06s           2025-12-07T17:36:24
================================================================================
[2025-12-07T17:37:24.012+0000] {manager.py:879} INFO - 
================================================================================
DAG File Processing Stats

File Path                                  PID    Runtime      # DAGs    # Errors  Last Runtime    Last Run
-----------------------------------------  -----  ---------  --------  ----------  --------------  -------------------
/opt/airflow/dags/datatourisme_poi_dag.py                           0           1  0.31s           2025-12-07T17:36:54
/opt/airflow/dags/simple_dag.py                                     1           0  0.07s           2025-12-07T17:36:54
================================================================================
[2025-12-07T17:37:54.193+0000] {manager.py:879} INFO - 
================================================================================
DAG File Processing Stats

File Path                                  PID    Runtime      # DAGs    # Errors  Last Runtime    Last Run
-----------------------------------------  -----  ---------  --------  ----------  --------------  -------------------
/opt/airflow/dags/datatourisme_poi_dag.py                           0           1  0.33s           2025-12-07T17:37:25
/opt/airflow/dags/simple_dag.py                                     1           0  0.08s           2025-12-07T17:37:25
================================================================================
[2025-12-07T17:38:24.362+0000] {manager.py:879} INFO - 
================================================================================
DAG File Processing Stats

File Path                                  PID    Runtime      # DAGs    # Errors  Last Runtime    Last Run
-----------------------------------------  -----  ---------  --------  ----------  --------------  -------------------
/opt/airflow/dags/datatourisme_poi_dag.py                           0           1  0.33s           2025-12-07T17:37:56
/opt/airflow/dags/simple_dag.py                                     1           0  0.07s           2025-12-07T17:37:55
================================================================================
[2025-12-07T17:38:37.483+0000] {manager.py:738} INFO - Searching for files in /opt/airflow/dags
[2025-12-07T17:38:37.485+0000] {manager.py:741} INFO - There are 2 files in /opt/airflow/dags
[2025-12-07T17:38:54.549+0000] {manager.py:879} INFO - 
================================================================================
DAG File Processing Stats

File Path                                  PID    Runtime      # DAGs    # Errors  Last Runtime    Last Run
-----------------------------------------  -----  ---------  --------  ----------  --------------  -------------------
/opt/airflow/dags/datatourisme_poi_dag.py                           0           1  0.33s           2025-12-07T17:38:27
/opt/airflow/dags/simple_dag.py                                     1           0  0.07s           2025-12-07T17:38:25
================================================================================
[2025-12-07T17:39:24.734+0000] {manager.py:879} INFO - 
================================================================================
DAG File Processing Stats

File Path                                  PID    Runtime      # DAGs    # Errors  Last Runtime    Last Run
-----------------------------------------  -----  ---------  --------  ----------  --------------  -------------------
/opt/airflow/dags/datatourisme_poi_dag.py                           0           1  0.30s           2025-12-07T17:38:58
/opt/airflow/dags/simple_dag.py                                     1           0  0.08s           2025-12-07T17:38:55
================================================================================
[2025-12-07T17:39:54.904+0000] {manager.py:879} INFO - 
================================================================================
DAG File Processing Stats

File Path                                  PID    Runtime      # DAGs    # Errors  Last Runtime    Last Run
-----------------------------------------  -----  ---------  --------  ----------  --------------  -------------------
/opt/airflow/dags/datatourisme_poi_dag.py                           0           1  0.33s           2025-12-07T17:39:30
/opt/airflow/dags/simple_dag.py                                     1           0  0.07s           2025-12-07T17:39:25
================================================================================
[2025-12-07T17:40:25.076+0000] {manager.py:879} INFO - 
================================================================================
DAG File Processing Stats

File Path                                  PID    Runtime      # DAGs    # Errors  Last Runtime    Last Run
-----------------------------------------  -----  ---------  --------  ----------  --------------  -------------------
/opt/airflow/dags/datatourisme_poi_dag.py                           0           1  0.33s           2025-12-07T17:40:01
/opt/airflow/dags/simple_dag.py                                     1           0  0.07s           2025-12-07T17:39:55
================================================================================
[2025-12-07T17:40:55.236+0000] {manager.py:879} INFO - 
================================================================================
DAG File Processing Stats

File Path                                  PID    Runtime      # DAGs    # Errors  Last Runtime    Last Run
-----------------------------------------  -----  ---------  --------  ----------  --------------  -------------------
/opt/airflow/dags/datatourisme_poi_dag.py                           0           1  0.36s           2025-12-07T17:40:32
/opt/airflow/dags/simple_dag.py                                     1           0  0.07s           2025-12-07T17:40:26
================================================================================
[2025-12-07T17:41:25.412+0000] {manager.py:879} INFO - 
================================================================================
DAG File Processing Stats

File Path                                  PID    Runtime      # DAGs    # Errors  Last Runtime    Last Run
-----------------------------------------  -----  ---------  --------  ----------  --------------  -------------------
/opt/airflow/dags/datatourisme_poi_dag.py                           0           1  0.33s           2025-12-07T17:41:03
/opt/airflow/dags/simple_dag.py                                     1           0  0.08s           2025-12-07T17:40:56
================================================================================
[2025-12-07T17:41:55.595+0000] {manager.py:879} INFO - 
================================================================================
DAG File Processing Stats

File Path                                  PID    Runtime      # DAGs    # Errors  Last Runtime    Last Run
-----------------------------------------  -----  ---------  --------  ----------  --------------  -------------------
/opt/airflow/dags/datatourisme_poi_dag.py                           0           1  0.33s           2025-12-07T17:41:34
/opt/airflow/dags/simple_dag.py                                     1           0  0.09s           2025-12-07T17:41:26
================================================================================
[2025-12-07T17:42:25.769+0000] {manager.py:879} INFO - 
================================================================================
DAG File Processing Stats

File Path                                  PID    Runtime      # DAGs    # Errors  Last Runtime    Last Run
-----------------------------------------  -----  ---------  --------  ----------  --------------  -------------------
/opt/airflow/dags/datatourisme_poi_dag.py                           0           1  0.31s           2025-12-07T17:42:05
/opt/airflow/dags/simple_dag.py                                     1           0  0.07s           2025-12-07T17:41:56
================================================================================
[2025-12-07T17:42:55.930+0000] {manager.py:879} INFO - 
================================================================================
DAG File Processing Stats

File Path                                  PID    Runtime      # DAGs    # Errors  Last Runtime    Last Run
-----------------------------------------  -----  ---------  --------  ----------  --------------  -------------------
/opt/airflow/dags/datatourisme_poi_dag.py                           0           1  0.34s           2025-12-07T17:42:37
/opt/airflow/dags/simple_dag.py                                     1           0  0.06s           2025-12-07T17:42:26
================================================================================
[2025-12-07T17:43:26.084+0000] {manager.py:879} INFO - 
================================================================================
DAG File Processing Stats

File Path                                  PID    Runtime      # DAGs    # Errors  Last Runtime    Last Run
-----------------------------------------  -----  ---------  --------  ----------  --------------  -------------------
/opt/airflow/dags/datatourisme_poi_dag.py                           0           1  0.31s           2025-12-07T17:43:08
/opt/airflow/dags/simple_dag.py                                     1           0  0.06s           2025-12-07T17:42:56
================================================================================
[2025-12-07T17:43:38.124+0000] {manager.py:738} INFO - Searching for files in /opt/airflow/dags
[2025-12-07T17:43:38.126+0000] {manager.py:741} INFO - There are 2 files in /opt/airflow/dags
[2025-12-07T17:43:56.242+0000] {manager.py:879} INFO - 
================================================================================
DAG File Processing Stats

File Path                                  PID    Runtime      # DAGs    # Errors  Last Runtime    Last Run
-----------------------------------------  -----  ---------  --------  ----------  --------------  -------------------
/opt/airflow/dags/datatourisme_poi_dag.py                           0           1  0.31s           2025-12-07T17:43:39
/opt/airflow/dags/simple_dag.py                                     1           0  0.07s           2025-12-07T17:43:27
================================================================================
[2025-12-07T17:44:26.401+0000] {manager.py:879} INFO - 
================================================================================
DAG File Processing Stats

File Path                                  PID    Runtime      # DAGs    # Errors  Last Runtime    Last Run
-----------------------------------------  -----  ---------  --------  ----------  --------------  -------------------
/opt/airflow/dags/datatourisme_poi_dag.py                           0           1  0.32s           2025-12-07T17:44:10
/opt/airflow/dags/simple_dag.py                                     1           0  0.06s           2025-12-07T17:43:57
================================================================================
[2025-12-07T17:44:56.557+0000] {manager.py:879} INFO - 
================================================================================
DAG File Processing Stats

File Path                                  PID    Runtime      # DAGs    # Errors  Last Runtime    Last Run
-----------------------------------------  -----  ---------  --------  ----------  --------------  -------------------
/opt/airflow/dags/datatourisme_poi_dag.py                           0           1  0.31s           2025-12-07T17:44:41
/opt/airflow/dags/simple_dag.py                                     1           0  0.06s           2025-12-07T17:44:27
================================================================================
[2025-12-07T17:45:26.728+0000] {manager.py:879} INFO - 
================================================================================
DAG File Processing Stats

File Path                                  PID    Runtime      # DAGs    # Errors  Last Runtime    Last Run
-----------------------------------------  -----  ---------  --------  ----------  --------------  -------------------
/opt/airflow/dags/datatourisme_poi_dag.py                           0           1  0.32s           2025-12-07T17:45:12
/opt/airflow/dags/simple_dag.py                                     1           0  0.08s           2025-12-07T17:44:57
================================================================================
[2025-12-07T17:45:56.886+0000] {manager.py:879} INFO - 
================================================================================
DAG File Processing Stats

File Path                                  PID    Runtime      # DAGs    # Errors  Last Runtime    Last Run
-----------------------------------------  -----  ---------  --------  ----------  --------------  -------------------
/opt/airflow/dags/datatourisme_poi_dag.py                           0           1  0.30s           2025-12-07T17:45:44
/opt/airflow/dags/simple_dag.py                                     1           0  0.07s           2025-12-07T17:45:27
================================================================================
[2025-12-07T17:46:27.059+0000] {manager.py:879} INFO - 
================================================================================
DAG File Processing Stats

File Path                                  PID    Runtime      # DAGs    # Errors  Last Runtime    Last Run
-----------------------------------------  -----  ---------  --------  ----------  --------------  -------------------
/opt/airflow/dags/datatourisme_poi_dag.py                           0           1  0.26s           2025-12-07T17:46:15
/opt/airflow/dags/simple_dag.py                                     1           0  0.08s           2025-12-07T17:45:57
================================================================================
[2025-12-07T17:46:57.203+0000] {manager.py:879} INFO - 
================================================================================
DAG File Processing Stats

File Path                                  PID    Runtime      # DAGs    # Errors  Last Runtime    Last Run
-----------------------------------------  -----  ---------  --------  ----------  --------------  -------------------
/opt/airflow/dags/datatourisme_poi_dag.py                           0           1  0.25s           2025-12-07T17:46:46
/opt/airflow/dags/simple_dag.py                                     1           0  0.06s           2025-12-07T17:46:28
================================================================================
[2025-12-07T17:47:27.346+0000] {manager.py:879} INFO - 
================================================================================
DAG File Processing Stats

File Path                                  PID    Runtime      # DAGs    # Errors  Last Runtime    Last Run
-----------------------------------------  -----  ---------  --------  ----------  --------------  -------------------
/opt/airflow/dags/datatourisme_poi_dag.py                           0           1  0.27s           2025-12-07T17:47:17
/opt/airflow/dags/simple_dag.py                                     1           0  0.05s           2025-12-07T17:46:58
================================================================================
[2025-12-07T17:47:57.481+0000] {manager.py:879} INFO - 
================================================================================
DAG File Processing Stats

File Path                                  PID    Runtime      # DAGs    # Errors  Last Runtime    Last Run
-----------------------------------------  -----  ---------  --------  ----------  --------------  -------------------
/opt/airflow/dags/datatourisme_poi_dag.py                           0           1  0.27s           2025-12-07T17:47:48
/opt/airflow/dags/simple_dag.py                                     1           0  0.05s           2025-12-07T17:47:28
================================================================================
[2025-12-07T17:48:27.614+0000] {manager.py:879} INFO - 
================================================================================
DAG File Processing Stats

File Path                                  PID    Runtime      # DAGs    # Errors  Last Runtime    Last Run
-----------------------------------------  -----  ---------  --------  ----------  --------------  -------------------
/opt/airflow/dags/datatourisme_poi_dag.py                           0           1  0.26s           2025-12-07T17:48:19
/opt/airflow/dags/simple_dag.py                                     1           0  0.06s           2025-12-07T17:47:58
================================================================================
[2025-12-07T17:48:38.655+0000] {manager.py:738} INFO - Searching for files in /opt/airflow/dags
[2025-12-07T17:48:38.657+0000] {manager.py:741} INFO - There are 2 files in /opt/airflow/dags
[2025-12-07T17:48:57.756+0000] {manager.py:879} INFO - 
================================================================================
DAG File Processing Stats

File Path                                  PID    Runtime      # DAGs    # Errors  Last Runtime    Last Run
-----------------------------------------  -----  ---------  --------  ----------  --------------  -------------------
/opt/airflow/dags/datatourisme_poi_dag.py                           0           1  0.28s           2025-12-07T17:48:50
/opt/airflow/dags/simple_dag.py                                     1           0  0.06s           2025-12-07T17:48:28
================================================================================
[2025-12-07T17:49:27.904+0000] {manager.py:879} INFO - 
================================================================================
DAG File Processing Stats

File Path                                  PID    Runtime      # DAGs    # Errors  Last Runtime    Last Run
-----------------------------------------  -----  ---------  --------  ----------  --------------  -------------------
/opt/airflow/dags/datatourisme_poi_dag.py                           0           1  0.27s           2025-12-07T17:49:22
/opt/airflow/dags/simple_dag.py                                     1           0  0.06s           2025-12-07T17:48:58
================================================================================
[2025-12-07T17:49:58.038+0000] {manager.py:879} INFO - 
================================================================================
DAG File Processing Stats

File Path                                  PID    Runtime      # DAGs    # Errors  Last Runtime    Last Run
-----------------------------------------  -----  ---------  --------  ----------  --------------  -------------------
/opt/airflow/dags/datatourisme_poi_dag.py                           0           1  0.27s           2025-12-07T17:49:53
/opt/airflow/dags/simple_dag.py                                     1           0  0.06s           2025-12-07T17:49:28
================================================================================
[2025-12-07T17:50:28.193+0000] {manager.py:879} INFO - 
================================================================================
DAG File Processing Stats

File Path                                  PID    Runtime      # DAGs    # Errors  Last Runtime    Last Run
-----------------------------------------  -----  ---------  --------  ----------  --------------  -------------------
/opt/airflow/dags/datatourisme_poi_dag.py                           0           1  0.25s           2025-12-07T17:50:24
/opt/airflow/dags/simple_dag.py                                     1           0  0.07s           2025-12-07T17:49:59
================================================================================
[2025-12-07T17:50:58.335+0000] {manager.py:879} INFO - 
================================================================================
DAG File Processing Stats

File Path                                  PID    Runtime      # DAGs    # Errors  Last Runtime    Last Run
-----------------------------------------  -----  ---------  --------  ----------  --------------  -------------------
/opt/airflow/dags/datatourisme_poi_dag.py                           0           1  0.27s           2025-12-07T17:50:55
/opt/airflow/dags/simple_dag.py                                     1           0  0.06s           2025-12-07T17:50:29
================================================================================
[2025-12-07T17:51:28.476+0000] {manager.py:879} INFO - 
================================================================================
DAG File Processing Stats

File Path                                  PID    Runtime      # DAGs    # Errors  Last Runtime    Last Run
-----------------------------------------  -----  ---------  --------  ----------  --------------  -------------------
/opt/airflow/dags/datatourisme_poi_dag.py                           0           1  0.26s           2025-12-07T17:51:26
/opt/airflow/dags/simple_dag.py                                     1           0  0.07s           2025-12-07T17:50:59
================================================================================
[2025-12-07T17:51:58.623+0000] {manager.py:879} INFO - 
================================================================================
DAG File Processing Stats

File Path                                  PID    Runtime      # DAGs    # Errors  Last Runtime    Last Run
-----------------------------------------  -----  ---------  --------  ----------  --------------  -------------------
/opt/airflow/dags/datatourisme_poi_dag.py                           0           1  0.27s           2025-12-07T17:51:57
/opt/airflow/dags/simple_dag.py                                     1           0  0.06s           2025-12-07T17:51:29
================================================================================
[2025-12-07T17:52:28.715+0000] {manager.py:879} INFO - 
================================================================================
DAG File Processing Stats

File Path                                    PID  Runtime      # DAGs    # Errors  Last Runtime    Last Run
-----------------------------------------  -----  ---------  --------  ----------  --------------  -------------------
/opt/airflow/dags/datatourisme_poi_dag.py   4003  0.00s             0           1  0.27s           2025-12-07T17:51:57
/opt/airflow/dags/simple_dag.py                                     1           0  0.06s           2025-12-07T17:51:59
================================================================================
[2025-12-07T17:52:58.860+0000] {manager.py:879} INFO - 
================================================================================
DAG File Processing Stats

File Path                                  PID    Runtime      # DAGs    # Errors  Last Runtime    Last Run
-----------------------------------------  -----  ---------  --------  ----------  --------------  -------------------
/opt/airflow/dags/datatourisme_poi_dag.py                           0           1  0.27s           2025-12-07T17:52:28
/opt/airflow/dags/simple_dag.py                                     1           0  0.05s           2025-12-07T17:52:29
================================================================================
[2025-12-07T17:53:29.011+0000] {manager.py:879} INFO - 
================================================================================
DAG File Processing Stats

File Path                                  PID    Runtime      # DAGs    # Errors  Last Runtime    Last Run
-----------------------------------------  -----  ---------  --------  ----------  --------------  -------------------
/opt/airflow/dags/datatourisme_poi_dag.py                           0           1  0.26s           2025-12-07T17:53:00
/opt/airflow/dags/simple_dag.py                                     1           0  0.06s           2025-12-07T17:52:59
================================================================================
[2025-12-07T17:53:39.102+0000] {manager.py:738} INFO - Searching for files in /opt/airflow/dags
[2025-12-07T17:53:39.103+0000] {manager.py:741} INFO - There are 2 files in /opt/airflow/dags
[2025-12-07T17:53:59.168+0000] {manager.py:879} INFO - 
================================================================================
DAG File Processing Stats

File Path                                  PID    Runtime      # DAGs    # Errors  Last Runtime    Last Run
-----------------------------------------  -----  ---------  --------  ----------  --------------  -------------------
/opt/airflow/dags/datatourisme_poi_dag.py                           0           1  0.28s           2025-12-07T17:53:31
/opt/airflow/dags/simple_dag.py                                     1           0  0.06s           2025-12-07T17:53:30
================================================================================
[2025-12-07T17:54:29.319+0000] {manager.py:879} INFO - 
================================================================================
DAG File Processing Stats

File Path                                  PID    Runtime      # DAGs    # Errors  Last Runtime    Last Run
-----------------------------------------  -----  ---------  --------  ----------  --------------  -------------------
/opt/airflow/dags/datatourisme_poi_dag.py                           0           1  0.29s           2025-12-07T17:54:02
/opt/airflow/dags/simple_dag.py                                     1           0  0.06s           2025-12-07T17:54:00
================================================================================
[2025-12-07T17:54:59.468+0000] {manager.py:879} INFO - 
================================================================================
DAG File Processing Stats

File Path                                  PID    Runtime      # DAGs    # Errors  Last Runtime    Last Run
-----------------------------------------  -----  ---------  --------  ----------  --------------  -------------------
/opt/airflow/dags/datatourisme_poi_dag.py                           0           1  0.26s           2025-12-07T17:54:33
/opt/airflow/dags/simple_dag.py                                     1           0  0.06s           2025-12-07T17:54:30
================================================================================
[2025-12-07T17:55:29.627+0000] {manager.py:879} INFO - 
================================================================================
DAG File Processing Stats

File Path                                  PID    Runtime      # DAGs    # Errors  Last Runtime    Last Run
-----------------------------------------  -----  ---------  --------  ----------  --------------  -------------------
/opt/airflow/dags/datatourisme_poi_dag.py                           0           1  0.26s           2025-12-07T17:55:04
/opt/airflow/dags/simple_dag.py                                     1           0  0.07s           2025-12-07T17:55:00
================================================================================
[2025-12-07T17:55:59.779+0000] {manager.py:879} INFO - 
================================================================================
DAG File Processing Stats

File Path                                  PID    Runtime      # DAGs    # Errors  Last Runtime    Last Run
-----------------------------------------  -----  ---------  --------  ----------  --------------  -------------------
/opt/airflow/dags/datatourisme_poi_dag.py                           0           1  0.28s           2025-12-07T17:55:35
/opt/airflow/dags/simple_dag.py                                     1           0  0.06s           2025-12-07T17:55:30
================================================================================
[2025-12-07T17:56:29.936+0000] {manager.py:879} INFO - 
================================================================================
DAG File Processing Stats

File Path                                  PID    Runtime      # DAGs    # Errors  Last Runtime    Last Run
-----------------------------------------  -----  ---------  --------  ----------  --------------  -------------------
/opt/airflow/dags/datatourisme_poi_dag.py                           0           1  0.27s           2025-12-07T17:56:07
/opt/airflow/dags/simple_dag.py                                     1           0  0.06s           2025-12-07T17:56:00
================================================================================
[2025-12-07T17:57:00.087+0000] {manager.py:879} INFO - 
================================================================================
DAG File Processing Stats

File Path                                  PID    Runtime      # DAGs    # Errors  Last Runtime    Last Run
-----------------------------------------  -----  ---------  --------  ----------  --------------  -------------------
/opt/airflow/dags/datatourisme_poi_dag.py                           0           1  0.27s           2025-12-07T17:56:38
/opt/airflow/dags/simple_dag.py                                     1           0  0.06s           2025-12-07T17:56:31
================================================================================
[2025-12-07T17:57:30.239+0000] {manager.py:879} INFO - 
================================================================================
DAG File Processing Stats

File Path                                  PID    Runtime      # DAGs    # Errors  Last Runtime    Last Run
-----------------------------------------  -----  ---------  --------  ----------  --------------  -------------------
/opt/airflow/dags/datatourisme_poi_dag.py                           0           1  0.25s           2025-12-07T17:57:09
/opt/airflow/dags/simple_dag.py                                     1           0  0.06s           2025-12-07T17:57:01
================================================================================
[2025-12-07T17:58:00.394+0000] {manager.py:879} INFO - 
================================================================================
DAG File Processing Stats

File Path                                  PID    Runtime      # DAGs    # Errors  Last Runtime    Last Run
-----------------------------------------  -----  ---------  --------  ----------  --------------  -------------------
/opt/airflow/dags/datatourisme_poi_dag.py                           0           1  0.26s           2025-12-07T17:57:40
/opt/airflow/dags/simple_dag.py                                     1           0  0.06s           2025-12-07T17:57:31
================================================================================
[2025-12-07T17:58:30.546+0000] {manager.py:879} INFO - 
================================================================================
DAG File Processing Stats

File Path                                  PID    Runtime      # DAGs    # Errors  Last Runtime    Last Run
-----------------------------------------  -----  ---------  --------  ----------  --------------  -------------------
/opt/airflow/dags/datatourisme_poi_dag.py                           0           1  0.27s           2025-12-07T17:58:11
/opt/airflow/dags/simple_dag.py                                     1           0  0.06s           2025-12-07T17:58:01
================================================================================
[2025-12-07T17:58:39.584+0000] {manager.py:738} INFO - Searching for files in /opt/airflow/dags
[2025-12-07T17:58:39.586+0000] {manager.py:741} INFO - There are 2 files in /opt/airflow/dags
[2025-12-07T17:59:00.695+0000] {manager.py:879} INFO - 
================================================================================
DAG File Processing Stats

File Path                                  PID    Runtime      # DAGs    # Errors  Last Runtime    Last Run
-----------------------------------------  -----  ---------  --------  ----------  --------------  -------------------
/opt/airflow/dags/datatourisme_poi_dag.py                           0           1  0.30s           2025-12-07T17:58:42
/opt/airflow/dags/simple_dag.py                                     1           0  0.06s           2025-12-07T17:58:31
================================================================================
[2025-12-07T17:59:30.847+0000] {manager.py:879} INFO - 
================================================================================
DAG File Processing Stats

File Path                                  PID    Runtime      # DAGs    # Errors  Last Runtime    Last Run
-----------------------------------------  -----  ---------  --------  ----------  --------------  -------------------
/opt/airflow/dags/datatourisme_poi_dag.py                           0           1  0.29s           2025-12-07T17:59:14
/opt/airflow/dags/simple_dag.py                                     1           0  0.06s           2025-12-07T17:59:01
================================================================================
[2025-12-07T18:00:01.014+0000] {manager.py:879} INFO - 
================================================================================
DAG File Processing Stats

File Path                                  PID    Runtime      # DAGs    # Errors  Last Runtime    Last Run
-----------------------------------------  -----  ---------  --------  ----------  --------------  -------------------
/opt/airflow/dags/datatourisme_poi_dag.py                           0           1  0.30s           2025-12-07T17:59:45
/opt/airflow/dags/simple_dag.py                                     1           0  0.07s           2025-12-07T17:59:31
================================================================================
[2025-12-07T18:00:31.188+0000] {manager.py:879} INFO - 
================================================================================
DAG File Processing Stats

File Path                                  PID    Runtime      # DAGs    # Errors  Last Runtime    Last Run
-----------------------------------------  -----  ---------  --------  ----------  --------------  -------------------
/opt/airflow/dags/datatourisme_poi_dag.py                           0           1  0.32s           2025-12-07T18:00:16
/opt/airflow/dags/simple_dag.py                                     1           0  0.07s           2025-12-07T18:00:02
================================================================================
[2025-12-07T18:01:01.337+0000] {manager.py:879} INFO - 
================================================================================
DAG File Processing Stats

File Path                                  PID    Runtime      # DAGs    # Errors  Last Runtime    Last Run
-----------------------------------------  -----  ---------  --------  ----------  --------------  -------------------
/opt/airflow/dags/datatourisme_poi_dag.py                           0           1  0.30s           2025-12-07T18:00:47
/opt/airflow/dags/simple_dag.py                                     1           0  0.06s           2025-12-07T18:00:32
================================================================================
[2025-12-07T18:01:31.501+0000] {manager.py:879} INFO - 
================================================================================
DAG File Processing Stats

File Path                                  PID    Runtime      # DAGs    # Errors  Last Runtime    Last Run
-----------------------------------------  -----  ---------  --------  ----------  --------------  -------------------
/opt/airflow/dags/datatourisme_poi_dag.py                           0           1  0.32s           2025-12-07T18:01:18
/opt/airflow/dags/simple_dag.py                                     1           0  0.07s           2025-12-07T18:01:02
================================================================================
[2025-12-07T18:02:01.660+0000] {manager.py:879} INFO - 
================================================================================
DAG File Processing Stats

File Path                                  PID    Runtime      # DAGs    # Errors  Last Runtime    Last Run
-----------------------------------------  -----  ---------  --------  ----------  --------------  -------------------
/opt/airflow/dags/datatourisme_poi_dag.py                           0           1  0.32s           2025-12-07T18:01:49
/opt/airflow/dags/simple_dag.py                                     1           0  0.07s           2025-12-07T18:01:32
================================================================================
[2025-12-07T18:02:31.833+0000] {manager.py:879} INFO - 
================================================================================
DAG File Processing Stats

File Path                                  PID    Runtime      # DAGs    # Errors  Last Runtime    Last Run
-----------------------------------------  -----  ---------  --------  ----------  --------------  -------------------
/opt/airflow/dags/datatourisme_poi_dag.py                           0           1  0.29s           2025-12-07T18:02:21
/opt/airflow/dags/simple_dag.py                                     1           0  0.08s           2025-12-07T18:02:02
================================================================================
[2025-12-07T18:03:01.977+0000] {manager.py:879} INFO - 
================================================================================
DAG File Processing Stats

File Path                                  PID    Runtime      # DAGs    # Errors  Last Runtime    Last Run
-----------------------------------------  -----  ---------  --------  ----------  --------------  -------------------
/opt/airflow/dags/datatourisme_poi_dag.py                           0           1  0.28s           2025-12-07T18:02:52
/opt/airflow/dags/simple_dag.py                                     1           0  0.06s           2025-12-07T18:02:32
================================================================================
[2025-12-07T18:03:32.133+0000] {manager.py:879} INFO - 
================================================================================
DAG File Processing Stats

File Path                                  PID    Runtime      # DAGs    # Errors  Last Runtime    Last Run
-----------------------------------------  -----  ---------  --------  ----------  --------------  -------------------
/opt/airflow/dags/datatourisme_poi_dag.py                           0           1  0.34s           2025-12-07T18:03:23
/opt/airflow/dags/simple_dag.py                                     1           0  0.07s           2025-12-07T18:03:03
================================================================================
[2025-12-07T18:03:40.163+0000] {manager.py:738} INFO - Searching for files in /opt/airflow/dags
[2025-12-07T18:03:40.165+0000] {manager.py:741} INFO - There are 2 files in /opt/airflow/dags
[2025-12-07T18:04:02.285+0000] {manager.py:879} INFO - 
================================================================================
DAG File Processing Stats

File Path                                  PID    Runtime      # DAGs    # Errors  Last Runtime    Last Run
-----------------------------------------  -----  ---------  --------  ----------  --------------  -------------------
/opt/airflow/dags/datatourisme_poi_dag.py                           0           1  0.29s           2025-12-07T18:03:54
/opt/airflow/dags/simple_dag.py                                     1           0  0.07s           2025-12-07T18:03:33
================================================================================
[2025-12-07T18:04:32.431+0000] {manager.py:879} INFO - 
================================================================================
DAG File Processing Stats

File Path                                  PID    Runtime      # DAGs    # Errors  Last Runtime    Last Run
-----------------------------------------  -----  ---------  --------  ----------  --------------  -------------------
/opt/airflow/dags/datatourisme_poi_dag.py                           0           1  0.30s           2025-12-07T18:04:25
/opt/airflow/dags/simple_dag.py                                     1           0  0.07s           2025-12-07T18:04:03
================================================================================
[2025-12-07T18:05:02.583+0000] {manager.py:879} INFO - 
================================================================================
DAG File Processing Stats

File Path                                  PID    Runtime      # DAGs    # Errors  Last Runtime    Last Run
-----------------------------------------  -----  ---------  --------  ----------  --------------  -------------------
/opt/airflow/dags/datatourisme_poi_dag.py                           0           1  0.31s           2025-12-07T18:04:56
/opt/airflow/dags/simple_dag.py                                     1           0  0.07s           2025-12-07T18:04:33
================================================================================
[2025-12-07T18:05:32.740+0000] {manager.py:879} INFO - 
================================================================================
DAG File Processing Stats

File Path                                  PID    Runtime      # DAGs    # Errors  Last Runtime    Last Run
-----------------------------------------  -----  ---------  --------  ----------  --------------  -------------------
/opt/airflow/dags/datatourisme_poi_dag.py                           0           1  0.31s           2025-12-07T18:05:27
/opt/airflow/dags/simple_dag.py                                     1           0  0.07s           2025-12-07T18:05:03
================================================================================
[2025-12-07T18:06:02.888+0000] {manager.py:879} INFO - 
================================================================================
DAG File Processing Stats

File Path                                  PID    Runtime      # DAGs    # Errors  Last Runtime    Last Run
-----------------------------------------  -----  ---------  --------  ----------  --------------  -------------------
/opt/airflow/dags/datatourisme_poi_dag.py                           0           1  0.31s           2025-12-07T18:05:59
/opt/airflow/dags/simple_dag.py                                     1           0  0.07s           2025-12-07T18:05:33
================================================================================
[2025-12-07T18:06:33.045+0000] {manager.py:879} INFO - 
================================================================================
DAG File Processing Stats

File Path                                  PID    Runtime      # DAGs    # Errors  Last Runtime    Last Run
-----------------------------------------  -----  ---------  --------  ----------  --------------  -------------------
/opt/airflow/dags/datatourisme_poi_dag.py                           0           1  0.29s           2025-12-07T18:06:30
/opt/airflow/dags/simple_dag.py                                     1           0  0.07s           2025-12-07T18:06:03
================================================================================
[2025-12-07T18:07:03.190+0000] {manager.py:879} INFO - 
================================================================================
DAG File Processing Stats

File Path                                  PID    Runtime      # DAGs    # Errors  Last Runtime    Last Run
-----------------------------------------  -----  ---------  --------  ----------  --------------  -------------------
/opt/airflow/dags/datatourisme_poi_dag.py                           0           1  0.32s           2025-12-07T18:07:01
/opt/airflow/dags/simple_dag.py                                     1           0  0.07s           2025-12-07T18:06:34
================================================================================
[2025-12-07T18:07:33.330+0000] {manager.py:879} INFO - 
================================================================================
DAG File Processing Stats

File Path                                  PID    Runtime      # DAGs    # Errors  Last Runtime    Last Run
-----------------------------------------  -----  ---------  --------  ----------  --------------  -------------------
/opt/airflow/dags/datatourisme_poi_dag.py                           0           1  0.29s           2025-12-07T18:07:32
/opt/airflow/dags/simple_dag.py                                     1           0  0.06s           2025-12-07T18:07:04
================================================================================
[2025-12-07T18:08:03.435+0000] {manager.py:879} INFO - 
================================================================================
DAG File Processing Stats

File Path                                    PID  Runtime      # DAGs    # Errors  Last Runtime    Last Run
-----------------------------------------  -----  ---------  --------  ----------  --------------  -------------------
/opt/airflow/dags/datatourisme_poi_dag.py   4739  0.00s             0           1  0.29s           2025-12-07T18:07:32
/opt/airflow/dags/simple_dag.py                                     1           0  0.07s           2025-12-07T18:07:34
================================================================================
[2025-12-07T18:08:33.576+0000] {manager.py:879} INFO - 
================================================================================
DAG File Processing Stats

File Path                                  PID    Runtime      # DAGs    # Errors  Last Runtime    Last Run
-----------------------------------------  -----  ---------  --------  ----------  --------------  -------------------
/opt/airflow/dags/datatourisme_poi_dag.py                           0           1  0.30s           2025-12-07T18:08:03
/opt/airflow/dags/simple_dag.py                                     1           0  0.07s           2025-12-07T18:08:04
================================================================================
[2025-12-07T18:08:40.669+0000] {manager.py:738} INFO - Searching for files in /opt/airflow/dags
[2025-12-07T18:08:40.670+0000] {manager.py:741} INFO - There are 2 files in /opt/airflow/dags
[2025-12-07T18:09:03.753+0000] {manager.py:879} INFO - 
================================================================================
DAG File Processing Stats

File Path                                  PID    Runtime      # DAGs    # Errors  Last Runtime    Last Run
-----------------------------------------  -----  ---------  --------  ----------  --------------  -------------------
/opt/airflow/dags/datatourisme_poi_dag.py                           0           1  0.29s           2025-12-07T18:08:34
/opt/airflow/dags/simple_dag.py                                     1           0  0.06s           2025-12-07T18:08:34
================================================================================
[2025-12-07T18:09:33.920+0000] {manager.py:879} INFO - 
================================================================================
DAG File Processing Stats

File Path                                  PID    Runtime      # DAGs    # Errors  Last Runtime    Last Run
-----------------------------------------  -----  ---------  --------  ----------  --------------  -------------------
/opt/airflow/dags/datatourisme_poi_dag.py                           0           1  0.30s           2025-12-07T18:09:06
/opt/airflow/dags/simple_dag.py                                     1           0  0.07s           2025-12-07T18:09:04
================================================================================
[2025-12-07T18:10:04.075+0000] {manager.py:879} INFO - 
================================================================================
DAG File Processing Stats

File Path                                  PID    Runtime      # DAGs    # Errors  Last Runtime    Last Run
-----------------------------------------  -----  ---------  --------  ----------  --------------  -------------------
/opt/airflow/dags/datatourisme_poi_dag.py                           0           1  0.31s           2025-12-07T18:09:37
/opt/airflow/dags/simple_dag.py                                     1           0  0.06s           2025-12-07T18:09:34
================================================================================
[2025-12-07T18:10:34.233+0000] {manager.py:879} INFO - 
================================================================================
DAG File Processing Stats

File Path                                  PID    Runtime      # DAGs    # Errors  Last Runtime    Last Run
-----------------------------------------  -----  ---------  --------  ----------  --------------  -------------------
/opt/airflow/dags/datatourisme_poi_dag.py                           0           1  0.31s           2025-12-07T18:10:08
/opt/airflow/dags/simple_dag.py                                     1           0  0.07s           2025-12-07T18:10:05
================================================================================
[2025-12-07T18:11:04.398+0000] {manager.py:879} INFO - 
================================================================================
DAG File Processing Stats

File Path                                  PID    Runtime      # DAGs    # Errors  Last Runtime    Last Run
-----------------------------------------  -----  ---------  --------  ----------  --------------  -------------------
/opt/airflow/dags/datatourisme_poi_dag.py                           0           1  0.30s           2025-12-07T18:10:39
/opt/airflow/dags/simple_dag.py                                     1           0  0.07s           2025-12-07T18:10:35
================================================================================
[2025-12-07T18:11:34.561+0000] {manager.py:879} INFO - 
================================================================================
DAG File Processing Stats

File Path                                  PID    Runtime      # DAGs    # Errors  Last Runtime    Last Run
-----------------------------------------  -----  ---------  --------  ----------  --------------  -------------------
/opt/airflow/dags/datatourisme_poi_dag.py                           0           1  0.31s           2025-12-07T18:11:10
/opt/airflow/dags/simple_dag.py                                     1           0  0.08s           2025-12-07T18:11:05
================================================================================
[2025-12-07T18:11:38.369+0000] {manager.py:451} INFO - Exiting gracefully upon receiving signal 15
